,alignment,alt_read_count,alt_sequence,alt_type,base_position,caller,compact_cigar,end,is_multi,max_memory,n_alterations,n_caller_alterations,origin,position_cluster,pvalue_ratio,ref_read_count,reference_sequence,sample,sample_fragment,sample_key,splicing_variant,start,total_run_time,uncompact_cigar,z_score
0,,,,,,micado,,,,1102741504.0,,0,,,,,,C_158_1,C,158_1,,,147.23,,
1,,,,,,micado,,,,928096256.0,,0,,,,,,C_169_1,C,169_1,,,158.85,,
2,,,,,,micado,,,,1102606336.0,,0,,,,,,C_169_2,C,169_2,,,157.8,,
3,,,,,,micado,,,,995876864.0,,0,,,,,,C_183_1,C,183_1,,,150.43,,
4,,,,,,micado,,,,999849984.0,,0,,,,,,C_183_2,C,183_2,,,149.07,,
5,,,,,,micado,,,,1102618624.0,,0,,,,,,C_192_1,C,192_1,,,146.8,,
6,,,,,,micado,,,,1102581760.0,,0,,,,,,C_192_2,C,192_2,,,149.39,,
7,,,,,,micado,,,,1102622720.0,,0,,,,,,C_193_1,C,193_1,,,140.36,,
8,,,,,,micado,,,,1102651392.0,,0,,,,,,C_207_1,C,207_1,,,185.08,,
9,,,,,,micado,,,,1102618624.0,,0,,,,,,C_207_2,C,207_2,,,149.12,,
10,"['CTACATGTGTAACAGTTCCTGCATGGGCGGCATGAA', 'CTACATGTGTAACAGTTC-TGCATGGGCGGCATGAA', 65.0, 0, 36]",84.0,,D,905.0,micado,18M1D17M,923.0,False,1102618624.0,1.0,1,micado,0.0,0.0,281.0,C,C_215_1,C,215_1,gi|371502114|ref|NM_000546.5|,923.0,152.34,MMMMMMMMMMMMMMMMMMDMMMMMMMMMMMMMMMMM,86.8559469223
11,"['CTACATGTGTAACAGTTCCTGCATGGGCGGCATGAA', 'CTACATGTGTAACAGTTC-TGCATGGGCGGCATGAA', 65.0, 0, 36]",63.0,,D,905.0,micado,18M1D17M,923.0,False,1102639104.0,1.0,1,micado,0.0,0.0,375.0,C,C_215_2,C,215_2,gi|371502114|ref|NM_000546.5|,923.0,160.02,MMMMMMMMMMMMMMMMMMDMMMMMMMMMMMMMMMMM,53.3441697811
12,"['ATAGTGTGGTGGTGCCCTATGAGCCGCCTGAGGTTGG', 'ATAGTGTGGTGGTGCCCTGTGAGCCGCCTGAGGTTGG', 69.0, 0, 37]",187.0,G,X,841.0,micado,18M1X18M,859.0,False,1102635008.0,1.0,1,micado,0.0,0.0,59.0,A,C_221_1,C,221_1,gi|371502114|ref|NM_000546.5|,859.0,162.48,MMMMMMMMMMMMMMMMMMXMMMMMMMMMMMMMMMMMM,219.941933377
13,"['GGAAGGAAATTTGCGTGTGGAGTAT', 'GGAAGGAA-TTTGCGTGTGGAGTAT', 43.0, 0, 25]",10.0,,D,791.0,micado,8M1D16M,799.0,False,1102692352.0,1.0,2,micado,0.0,0.001,262.0,A,C_221_2,C,221_2,gi|371502114|ref|NM_000546.5|,799.0,175.84,MMMMMMMMDMMMMMMMMMMMMMMMM,2.98263289456
14,"['ATAGTGTGGTGGTGCCCTATGAGCCGCCTGAGGTTGG', 'ATAGTGTGGTGGTGCCCTGTGAGCCGCCTGAGGTTGG', 69.0, 0, 37]",149.0,G,X,841.0,micado,18M1X18M,859.0,False,1102692352.0,1.0,2,micado,1.0,0.0,77.0,A,C_221_2,C,221_2,gi|371502114|ref|NM_000546.5|,859.0,175.84,MMMMMMMMMMMMMMMMMMXMMMMMMMMMMMMMMMMMM,185.601661019
15,"['TGGTGGTGCCCTATGAGCCGCCTGAGGTTGGCTCTGA', 'TGGTGGTGCCCTATGAGCTGCCTGAGGTTGGCTCTGA', 69.0, 0, 37]",325.0,T,X,847.0,micado,18M1X18M,865.0,False,1102647296.0,1.0,1,micado,0.0,0.0,68.0,C,C_256_1,C,256_1,gi|371502114|ref|NM_000546.5|,865.0,187.08,MMMMMMMMMMMMMMMMMMXMMMMMMMMMMMMMMMMMM,637.33470303
16,,,,,,micado,,,,1102622720.0,,0,,,,,,C_267_1,C,267_1,,,147.92,,
17,"['CCCTATGAGCCGCCTGAG-----GTTGGCTCTGACTGTAC', 'CCCTATGAGCCGCCTGAGATCTGGTTGGCTCTGACTGTAC', 57.0, 0, 40]",116.0,ATCTG,I,855.0,micado,18M5I17M,874.0,False,1102602240.0,5.0,2,micado,0.0,0.0,118.0,GTTGG,C_269_1,C,269_1,gi|371502114|ref|NM_000546.5|,873.0,167.48,MMMMMMMMMMMMMMMMMMIIIIIMMMMMMMMMMMMMMMMM,647.539431611
18,"['GATGGAGAATATTTCACCCTTCAGATCCGTGGGCG', 'GATGGAGAATATTTCACC-TTCAGATCCGTGGGCG', 63.0, 0, 35]",12.0,,D,1170.0,micado,18M1D16M,1188.0,False,1102602240.0,1.0,2,micado,1.0,0.004,286.0,C,C_269_1,C,269_1,gi|371502114|ref|NM_000546.5|,1188.0,167.48,MMMMMMMMMMMMMMMMMMDMMMMMMMMMMMMMMMM,3.34756496843
19,"['CCCTATGAGCCGCCTGAG-----GTTGGCTCTGACTGTAC', 'CCCTATGAGCCGCCTGAGATCTGGTTGGCTCTGACTGTAC', 57.0, 0, 40]",88.0,ATCTG,I,855.0,micado,18M5I17M,874.0,False,1102598144.0,5.0,1,micado,0.0,0.0,129.0,GTTGG,C_269_2,C,269_2,gi|371502114|ref|NM_000546.5|,873.0,158.83,MMMMMMMMMMMMMMMMMMIIIIIMMMMMMMMMMMMMMMMM,576.520249225
20,"['GCCCTATGAGCCGCCTGA-----GGTTGGCTCTGACTGTAC', 'GCCCTATGAGCCGCCTGAAGTCTGGTTGGCTCTGACTGTAC', 59.0, 0, 41]",40.0,AGTCT,I,854.0,micado,18M5I18M,873.0,False,1102659584.0,5.0,1,micado,0.0,0.0,237.0,GGTTG,C_272_1,C,272_1,gi|371502114|ref|NM_000546.5|,872.0,147.85,MMMMMMMMMMMMMMMMMMIIIIIMMMMMMMMMMMMMMMMMM,417.415928353
21,"['GCCCTATGAGCCGCCTGA-----GGTTGGCTCTGACTGTAC', 'GCCCTATGAGCCGCCTGAAGTCTGGTTGGCTCTGACTGTAC', 59.0, 0, 41]",19.0,AGTCT,I,854.0,micado,18M5I18M,873.0,False,1102622720.0,5.0,1,micado,0.0,0.0,186.0,GGTTG,C_272_2,C,272_2,gi|371502114|ref|NM_000546.5|,872.0,174.78,MMMMMMMMMMMMMMMMMMIIIIIMMMMMMMMMMMMMMMMMM,209.076329639
22,,,,,,micado,,,,1102614528.0,,0,,,,,,C_276_1,C,276_1,,,140.69,,
23,"['AGCTTTGAGGTGCGTGTTTGTGCCTGTCCTGGGAGAG', 'AGCTTTGAGGTGCGTGTTCGTGCCTGTCCTGGGAGAG', 69.0, 0, 37]",207.0,C,X,1005.0,micado,18M1X18M,1023.0,False,1102635008.0,1.0,1,micado,0.0,0.0,59.0,T,C_279_1,C,279_1,gi|371502114|ref|NM_000546.5|,1023.0,176.45,MMMMMMMMMMMMMMMMMMXMMMMMMMMMMMMMMMMMM,448.468511953
24,"['AGCTTTGAGGTGCGTGTTTGTGCCTGTCCTGGGAGAG', 'AGCTTTGAGGTGCGTGTTCGTGCCTGTCCTGGGAGAG', 69.0, 0, 37]",209.0,C,X,1005.0,micado,18M1X18M,1023.0,False,1102651392.0,1.0,1,micado,0.0,0.0,43.0,T,C_279_2,C,279_2,gi|371502114|ref|NM_000546.5|,1023.0,174.23,MMMMMMMMMMMMMMMMMMXMMMMMMMMMMMMMMMMMM,492.603623054
25,,,,,,micado,,,,1102659584.0,,0,,,,,,C_284_1,C,284_1,,,143.27,,
26,,,,,,micado,,,,1002450944.0,,0,,,,,,C_285_1,C,285_1,,,152.49,,
27,,,,,,micado,,,,1102696448.0,,0,,,,,,C_288_1,C,288_1,,,148.94,,
28,,,,,,micado,,,,1102635008.0,,0,,,,,,C_290_1,C,290_1,,,159.28,,
29,,,,,,micado,,,,1102614528.0,,0,,,,,,C_290_2,C,290_2,,,145.98,,
30,,,,,,micado,,,,1102614528.0,,0,,,,,,C_306_1,C,306_1,,,140.75,,
31,,,,,,micado,,,,1102577664.0,,0,,,,,,C_311_2,C,311_2,,,72.86,,
32,,,,,,micado,,,,1102639104.0,,0,,,,,,C_312_1,C,312_1,,,130.31,,
33,,,,,,micado,,,,1102635008.0,,0,,,,,,C_316_1,C,316_1,,,129.64,,
34,,,,,,micado,,,,1102626816.0,,0,,,,,,C_316_2,C,316_2,,,139.07,,
35,"['GCCTGTCCTGGGAGAGACCGGCGCACAGAGGAAGAGA', 'GCCTGTCCTGGGAGAGACTGGCGCACAGAGGAAGAGA', 69.0, 0, 37]",155.0,T,X,1026.0,micado,18M1X18M,1044.0,False,1102671872.0,1.0,2,micado,0.0,0.0,119.0,C,C_318_1,C,318_1,gi|371502114|ref|NM_000546.5|,1044.0,163.71,MMMMMMMMMMMMMMMMMMXMMMMMMMMMMMMMMMMMM,167.537212251
36,"['ATCTCCGCAAGAAAGGGG-AGCCTCACCACGAG', 'ATCTCCGCAAGAAAGGGGGAGCCTCACCACGAG', 59.0, 0, 33]",12.0,G,I,1063.0,micado,18M1I14M,1082.0,False,1102671872.0,1.0,2,micado,1.0,0.007,268.0,A,C_318_1,C,318_1,gi|371502114|ref|NM_000546.5|,1081.0,163.71,MMMMMMMMMMMMMMMMMMIMMMMMMMMMMMMMM,2.72400363916
37,"['GCCTGTCCTGGGAGAGACCGGCGCACAGAGGAAGAGA', 'GCCTGTCCTGGGAGAGACTGGCGCACAGAGGAAGAGA', 69.0, 0, 37]",108.0,T,X,1026.0,micado,18M1X18M,1044.0,False,1102635008.0,1.0,1,micado,0.0,0.0,227.0,C,C_318_2,C,318_2,gi|371502114|ref|NM_000546.5|,1044.0,185.1,MMMMMMMMMMMMMMMMMMXMMMMMMMMMMMMMMMMMM,91.4342169228
38,,,,,,micado,,,,1102626816.0,,0,,,,,,C_319_1,C,319_1,,,149.84,,
39,,,,,,micado,,,,1102708736.0,,0,,,,,,C_320_1,C,320_1,,,142.28,,
40,,,,,,micado,,,,1102610432.0,,0,,,,,,C_320_2,C,320_2,,,148.16,,
41,,,,,,micado,,,,1102659584.0,,0,,,,,,C_322_1,C,322_1,,,163.08,,
42,,,,,,micado,,,,957390848.0,,0,,,,,,C_323_1,C,323_1,,,151.44,,
43,,,,,,micado,,,,1102626816.0,,0,,,,,,C_326_1,C,326_1,,,140.3,,
44,,,,,,micado,,,,1102569472.0,,0,,,,,,C_326_2,C,326_2,,,138.86,,
45,,,,,,micado,,,,1102626816.0,,0,,,,,,C_340_1,C,340_1,,,139.2,,
46,,,,,,micado,,,,1102647296.0,,0,,,,,,C_340_2,C,340_2,,,177.12,,
47,"['GGAACAGCTTTGAGGTGCGTGTTTGTGCCTGTCCTGG', 'GGAACAGCTTTGAGGTGCATGTTTGTGCCTGTCCTGG', 69.0, 0, 37]",179.0,A,X,1000.0,micado,18M1X18M,1018.0,False,1102569472.0,1.0,1,micado,0.0,0.0,85.0,G,C_341_1,C,341_1,gi|371502114|ref|NM_000546.5|,1018.0,158.81,MMMMMMMMMMMMMMMMMMXMMMMMMMMMMMMMMMMMM,184.45117864
48,"['GGAACAGCTTTGAGGTGCGTGTTTGTGCCTGTCCTGG', 'GGAACAGCTTTGAGGTGCATGTTTGTGCCTGTCCTGG', 69.0, 0, 37]",443.0,A,X,1000.0,micado,18M1X18M,1018.0,False,937906176.0,1.0,1,micado,0.0,0.0,76.0,G,C_341_2,C,341_2,gi|371502114|ref|NM_000546.5|,1018.0,152.28,MMMMMMMMMMMMMMMMMMXMMMMMMMMMMMMMMMMMM,234.211066977
49,"['GAATATTTCACCCTTCAG-------------------------------------------------------------------------------------------------------------------------------------ATCCGTGGGCGTGAGCG', 'GAATATTTCACCCTTCAGGACCAGACCAGCTTTCAAAAAGAAAATTGTTAAAGAGAGCATGAAAATGGTTCTATGACTTTGCCTGATACAGATGCTACTTGACTTACGATGGTGTTACTTCCTGATAAACTCGTCGTAAGTTGAAAATATGATCCGTGGGCGTGAGCG', -199.0, 0, 168]",14.0,GACCAGACCAGCTTTCAAAAAGAAAATTGTTAAAGAGAGCATGAAAATGGTTCTATGACTTTGCCTGATACAGATGCTACTTGACTTACGATGGTGTTACTTCCTGATAAACTCGTCGTAAGTTGAAAATATG,I,1176.0,micado,18M133I17M,1195.0,False,1102602240.0,133.0,1,micado,0.0,0.0,216.0,ATCCGTGGGCGTGAGCG,C_83_1,C,83_1,gi|371502114|ref|NM_000546.5|,1194.0,141.1,MMMMMMMMMMMMMMMMMMIIIIIIIIIIIIIIIIIIIIIIIIIIIIIIIIIIIIIIIIIIIIIIIIIIIIIIIIIIIIIIIIIIIIIIIIIIIIIIIIIIIIIIIIIIIIIIIIIIIIIIIIIIIIIIIIIIIIIIIIIIIIIIIIIIIIIMMMMMMMMMMMMMMMMM,216.243631762
50,"['GAATATTTCACCCTTCAG-------------------------------------------------------------------------------------------------------------------------------------ATCCGTGGGCGTGAGCG', 'GAATATTTCACCCTTCAGGACCAGACCAGCTTTCAAAAAGAAAATTGTTAAAGAGAGCATGAAAATGGTTCTATGACTTTGCCTGATACAGATGCTACTTGACTTACGATGGTGTTACTTCCTGATAAACTCGTCGTAAGTTGAAAATATGATCCGTGGGCGTGAGCG', -199.0, 0, 168]",11.0,GACCAGACCAGCTTTCAAAAAGAAAATTGTTAAAGAGAGCATGAAAATGGTTCTATGACTTTGCCTGATACAGATGCTACTTGACTTACGATGGTGTTACTTCCTGATAAACTCGTCGTAAGTTGAAAATATG,I,1176.0,micado,18M133I17M,1195.0,False,1102651392.0,133.0,1,micado,0.0,0.0,222.0,ATCCGTGGGCGTGAGCG,C_83_2,C,83_2,gi|371502114|ref|NM_000546.5|,1194.0,164.9,MMMMMMMMMMMMMMMMMMIIIIIIIIIIIIIIIIIIIIIIIIIIIIIIIIIIIIIIIIIIIIIIIIIIIIIIIIIIIIIIIIIIIIIIIIIIIIIIIIIIIIIIIIIIIIIIIIIIIIIIIIIIIIIIIIIIIIIIIIIIIIIIIIIIIIIMMMMMMMMMMMMMMMMM,119.617230902
51,,,,,,micado,,,,1102626816.0,,0,,,,,,N_158_1,N,158_1,,,192.91,,
52,"['TCCGCGCCATGGCCATCTACAAGCAGTCACAGCACAT', 'TCCGCGCCATGGCCATCTGCAAGCAGTCACAGCACAT', 69.0, 0, 37]",231.0,G,X,670.0,micado,18M1X18M,688.0,False,1102618624.0,1.0,1,micado,0.0,0.0,36.0,A,N_169_1,N,169_1,gi|371502114|ref|NM_000546.5|,688.0,186.02,MMMMMMMMMMMMMMMMMMXMMMMMMMMMMMMMMMMMM,351.683562084
53,"['TCCGCGCCATGGCCATCTACAAGCAGTCACAGCACAT', 'TCCGCGCCATGGCCATCTGCAAGCAGTCACAGCACAT', 69.0, 0, 37]",215.0,G,X,670.0,micado,18M1X18M,688.0,False,1102647296.0,1.0,1,micado,0.0,0.0,62.0,A,N_169_2,N,169_2,gi|371502114|ref|NM_000546.5|,688.0,182.63,MMMMMMMMMMMMMMMMMMXMMMMMMMMMMMMMMMMMM,284.790766406
54,"['TTCACTGAAGACCCAGGTCCAGATGAAGCTCCCAGAATGCCAGAGGCTGCTCCCCGCGTGGCCCCTGCACCAGCAGCTCCTACACCGGCGGCCCCTGCACCAGCCCCCTCCTGGCCCCTGTCATCTTCTGTCCCTTCCCAGAAAACCTACCAGGGCAGCTACGGTTTCCGTCTGGGCTTCTTGCATTCTGGGACAGCCAAGTCTGTGACTTGCACGTACTCCCCTGCCCTCAA', 'TTCACTGAAGACCCAG--------------------------------------------------------------------------------------------------------------------------------------------------------------------------------------------------------TACTCCCCTGCCCTCAA', -337.0, 0, 233]",237.0,,D,360.0,micado,16M200D17M,575.0,False,1102639104.0,200.0,1,micado,0.0,0.0,49.0,GTCCAGATGAAGCTCCCAGAATGCCAGAGGCTGCTCCCCGCGTGGCCCCTGCACCAGCAGCTCCTACACCGGCGGCCCCTGCACCAGCCCCCTCCTGGCCCCTGTCATCTTCTGTCCCTTCCCAGAAAACCTACCAGGGCAGCTACGGTTTCCGTCTGGGCTTCTTGCATTCTGGGACAGCCAAGTCTGTGACTTGCACG,N_183_1,N,183_1,gi|371502114|ref|NM_000546.5|,376.0,261.54,MMMMMMMMMMMMMMMMDDDDDDDDDDDDDDDDDDDDDDDDDDDDDDDDDDDDDDDDDDDDDDDDDDDDDDDDDDDDDDDDDDDDDDDDDDDDDDDDDDDDDDDDDDDDDDDDDDDDDDDDDDDDDDDDDDDDDDDDDDDDDDDDDDDDDDDDDDDDDDDDDDDDDDDDDDDDDDDDDDDDDDDDDDDDDDDDDDDDDDDDDDDDDDDDDDDDDDDDMMMMMMMMMMMMMMMMM,68.7741761872
55,"['TTCACTGAAGACCCAGGTCCAGATGAAGCTCCCAGAATGCCAGAGGCTGCTCCCCGCGTGGCCCCTGCACCAGCAGCTCCTACACCGGCGGCCCCTGCACCAGCCCCCTCCTGGCCCCTGTCATCTTCTGTCCCTTCCCAGAAAACCTACCAGGGCAGCTACGGTTTCCGTCTGGGCTTCTTGCATTCTGGGACAGCCAAGTCTGTGACTTGCACGTACTCCCCTGCCCTCAA', 'TTCACTGAAGACCCAG--------------------------------------------------------------------------------------------------------------------------------------------------------------------------------------------------------TACTCCCCTGCCCTCAA', -337.0, 0, 233]",292.0,,D,360.0,micado,16M200D17M,575.0,False,1102635008.0,200.0,1,micado,0.0,0.0,57.0,GTCCAGATGAAGCTCCCAGAATGCCAGAGGCTGCTCCCCGCGTGGCCCCTGCACCAGCAGCTCCTACACCGGCGGCCCCTGCACCAGCCCCCTCCTGGCCCCTGTCATCTTCTGTCCCTTCCCAGAAAACCTACCAGGGCAGCTACGGTTTCCGTCTGGGCTTCTTGCATTCTGGGACAGCCAAGTCTGTGACTTGCACG,N_183_2,N,183_2,gi|371502114|ref|NM_000546.5|,376.0,259.44,MMMMMMMMMMMMMMMMDDDDDDDDDDDDDDDDDDDDDDDDDDDDDDDDDDDDDDDDDDDDDDDDDDDDDDDDDDDDDDDDDDDDDDDDDDDDDDDDDDDDDDDDDDDDDDDDDDDDDDDDDDDDDDDDDDDDDDDDDDDDDDDDDDDDDDDDDDDDDDDDDDDDDDDDDDDDDDDDDDDDDDDDDDDDDDDDDDDDDDDDDDDDDDDDDDDDDDDDMMMMMMMMMMMMMMMMM,72.3287560129
56,"['CAGGTCCAGATGAAGCTCCCAGAATGCCAGAGGCTGCTCCCCGCGTGGCCCCT', 'CAGGTCCAGATGAAGCTC-----------------GCTCCCCGCGTGGCCCCT', 35.0, 0, 53]",16.0,,D,373.0,micado,18M17D18M,407.0,False,1102630912.0,17.0,1,micado,0.0,0.0,142.0,CCAGAATGCCAGAGGCT,N_192_1,N,192_1,gi|371502114|ref|NM_000546.5|,391.0,195.21,MMMMMMMMMMMMMMMMMMDDDDDDDDDDDDDDDDDMMMMMMMMMMMMMMMMMM,129.163707089
57,"['CTGCTCCCCGCGTGGCCCCTGCACCAGCAGCTCC', 'CTGCTCCCCGCGTGGCCC-TGCACCAGCAGCTCC', 61.0, 0, 34]",9.0,,D,206.0,micado,18M1D15M,224.0,False,1102626816.0,1.0,5,micado,0.0,0.01,43.0,C,N_192_2,N,192_2,NM_000546.5,224.0,138.16,MMMMMMMMMMMMMMMMMMDMMMMMMMMMMMMMMM,2.57882802672
58,"['CAGGTCCAGATGAAGCTCCCAGAATGCCAGAGGCTGCTCCCCGCGTGGCCCCT', 'CAGGTCCAGATGAAGCTC-----------------GCTCCCCGCGTGGCCCCT', 35.0, 0, 53]",16.0,,D,373.0,micado,18M17D18M,407.0,False,1102626816.0,17.0,5,micado,1.0,0.0,38.0,CCAGAATGCCAGAGGCT,N_192_2,N,192_2,gi|371502114|ref|NM_000546.5|,391.0,138.16,MMMMMMMMMMMMMMMMMMDDDDDDDDDDDDDDDDDMMMMMMMMMMMMMMMMMM,374.554944564
59,"['GGCCCCTGCACCAGCCCCCTCCTGGCCCCTGTC', 'GGCCCCTGCACCAGCCCC-TCCTGGCCCCTGTC', 59.0, 0, 33]",11.0,,D,449.0,micado,18M1D14M,467.0,False,1102626816.0,1.0,5,micado,2.0,0.0,50.0,C,N_192_2,N,192_2,gi|371502114|ref|NM_000546.5|,467.0,138.16,MMMMMMMMMMMMMMMMMMDMMMMMMMMMMMMMM,6.2276072238
60,"['TCTGTCCCTTCCCAGAAAACCTACCAGGGCAGCT', 'TCTGTCCCTTCCCAGAAA-CCTACCAGGGCAGCT', 61.0, 0, 34]",6.0,,D,486.0,micado,18M1D15M,504.0,False,1102626816.0,1.0,5,micado,3.0,0.0,72.0,A,N_192_2,N,192_2,gi|371502114|ref|NM_000546.5|,504.0,138.16,MMMMMMMMMMMMMMMMMMDMMMMMMMMMMMMMMM,7.34313272434
61,"['GCCCTCAACAAGATGTTTTGCCAACTGGCCAAGA', 'GCCCTCAACAAGATGTTT-GCCAACTGGCCAAGA', 61.0, 0, 34]",4.0,,D,585.0,micado,18M1D15M,603.0,False,1102626816.0,1.0,5,micado,4.0,0.0,68.0,T,N_192_2,N,192_2,gi|371502114|ref|NM_000546.5|,603.0,138.16,MMMMMMMMMMMMMMMMMMDMMMMMMMMMMMMMMM,5.70345160193
62,,,,,,micado,,,,1102626816.0,,0,,,,,,N_193_1,N,193_1,,,202.44,,
63,"['TGCCAGAGGCTGCTCCCCGCGTGGCCCCTGCACCAGC', 'TGCCAGAGGCTGCTCCCCACGTGGCCCCTGCACCAGC', 69.0, 0, 37]",108.0,A,X,397.0,micado,18M1X18M,415.0,False,1102614528.0,1.0,3,micado,0.0,0.0,22.0,G,N_207_1,N,207_1,gi|371502114|ref|NM_000546.5|,415.0,211.66,MMMMMMMMMMMMMMMMMMXMMMMMMMMMMMMMMMMMM,370.684700783
64,"['TGCCAGAGGCTGCTCCCCGCGTGGCCCCTGCACCAGCAGCTCC', 'TGCCAGAGGCTGCTCCCCGCGTGGCCC-TGCACCAGCAGCTCC', 79.0, 0, 43]",14.0,,D,397.0,micado,27M1D15M,424.0,False,1102614528.0,1.0,3,micado,1.0,0.0,21.0,C,N_207_1,N,207_1,gi|371502114|ref|NM_000546.5|,424.0,211.66,MMMMMMMMMMMMMMMMMMMMMMMMMMMDMMMMMMMMMMMMMMM,15.7900163226
65,"['AGGGCAGCTACGGTTTCCGTCTGGGCTTCTTGCATTC', 'AGGGCAGCTACGGTTTCCCTCTGGGCTTCTTGCATTC', 69.0, 0, 37]",97.0,C,X,511.0,micado,18M1X18M,529.0,False,1102614528.0,1.0,3,micado,2.0,0.0,63.0,G,N_207_1,N,207_1,gi|371502114|ref|NM_000546.5|,529.0,211.66,MMMMMMMMMMMMMMMMMMXMMMMMMMMMMMMMMMMMM,281.786684091
66,"['TGCCAGAGGCTGCTCCCCGCGTGGCCCCTGCACCAGC', 'TGCCAGAGGCTGCTCCCCACGTGGCCCCTGCACCAGC', 69.0, 0, 37]",224.0,A,X,397.0,micado,18M1X18M,415.0,False,1102635008.0,1.0,4,micado,0.0,0.0,18.0,G,N_207_2,N,207_2,gi|371502114|ref|NM_000546.5|,415.0,210.23,MMMMMMMMMMMMMMMMMMXMMMMMMMMMMMMMMMMMM,389.529953526
67,"['TGCCAGAGGCTGCTCCCCGCGTGGCCCCTGCACCAGCAGCTCC', 'TGCCAGAGGCTGCTCCCCGCGTGGCCC-TGCACCAGCAGCTCC', 79.0, 0, 43]",20.0,,D,397.0,micado,27M1D15M,424.0,False,1102635008.0,1.0,4,micado,1.0,0.0,18.0,C,N_207_2,N,207_2,gi|371502114|ref|NM_000546.5|,424.0,210.23,MMMMMMMMMMMMMMMMMMMMMMMMMMMDMMMMMMMMMMMMMMM,21.736578092
68,"['AGGGCAGCTACGGTTTCCGTCTGGGCTTCTTGCATTC', 'AGGGCAGCTACGGTTTCCCTCTGGGCTTCTTGCATTC', 69.0, 0, 37]",230.0,C,X,511.0,micado,18M1X18M,529.0,False,1102635008.0,1.0,4,micado,2.0,0.0,50.0,G,N_207_2,N,207_2,gi|371502114|ref|NM_000546.5|,529.0,210.23,MMMMMMMMMMMMMMMMMMXMMMMMMMMMMMMMMMMMM,397.816010493
69,"['GCCCTCAACAAGATGTTTTGCCAACTGGCCAAGA', 'GCCCTCAACAAGATGTTT-GCCAACTGGCCAAGA', 61.0, 0, 34]",13.0,,D,585.0,micado,18M1D15M,603.0,False,1102635008.0,1.0,4,micado,3.0,0.001,297.0,T,N_207_2,N,207_2,gi|371502114|ref|NM_000546.5|,603.0,210.23,MMMMMMMMMMMMMMMMMMDMMMMMMMMMMMMMMM,3.47686957156
70,"['CTTCTGTCCCTTCCCAGAAAACCTACCAGGGCAGCTACGGTTTCCGTCTGGGCTTCTTGCATTCTGGGACAGCCAAGTCTGTGACTTGCACGTACTCCCCTGCCCTCAACAAGATGTTTTGCCAACTGGCCAAGACCTGCCCTGTGCAGCTGTGGGTTGATTCCACACCCCCGCCCGGTACCCGCGTCCGCGCCATGGCCATCTACAAGCAGTCACAGCACATGACGGAGGTTGTGAGGCGCTGCCCCCACCATGAGCGCTGCTCAGATAGCGATGGTCTGG', 'CTTCTGTCCCTTCCCAGA----------------------------------------------------------------------------------------------------------------------------------------------------------------------------------------------------------------------------------------------------------TAGCGATGGTCTGG', -439.0, 0, 282]",32.0,,D,484.0,micado,18M250D14M,751.0,False,1102651392.0,250.0,1,micado,0.0,0.0,0.0,AAACCTACCAGGGCAGCTACGGTTTCCGTCTGGGCTTCTTGCATTCTGGGACAGCCAAGTCTGTGACTTGCACGTACTCCCCTGCCCTCAACAAGATGTTTTGCCAACTGGCCAAGACCTGCCCTGTGCAGCTGTGGGTTGATTCCACACCCCCGCCCGGTACCCGCGTCCGCGCCATGGCCATCTACAAGCAGTCACAGCACATGACGGAGGTTGTGAGGCGCTGCCCCCACCATGAGCGCTGCTCAGA,N_215_1,N,215_1,gi|371502114|ref|NM_000546.5|,502.0,310.71,MMMMMMMMMMMMMMMMMMDDDDDDDDDDDDDDDDDDDDDDDDDDDDDDDDDDDDDDDDDDDDDDDDDDDDDDDDDDDDDDDDDDDDDDDDDDDDDDDDDDDDDDDDDDDDDDDDDDDDDDDDDDDDDDDDDDDDDDDDDDDDDDDDDDDDDDDDDDDDDDDDDDDDDDDDDDDDDDDDDDDDDDDDDDDDDDDDDDDDDDDDDDDDDDDDDDDDDDDDDDDDDDDDDDDDDDDDDDDDDDDDDDDDDDDDDDDDDDDDDDDDDDDDDDMMMMMMMMMMMMMM,inf
71,"['CCCAGAAAACCTACCAGGGCAGCTACGGTTTCCGT', 'CCCAGAAAACCTACCAGG-CAGCTACGGTTTCCGT', 63.0, 0, 35]",3.0,,D,496.0,micado,18M1D16M,514.0,False,1102614528.0,1.0,4,micado,0.0,0.001,81.0,G,N_215_2,N,215_2,gi|371502114|ref|NM_000546.5|,514.0,184.43,MMMMMMMMMMMMMMMMMMDMMMMMMMMMMMMMMMM,3.7269803078
72,"['TGCACGTACTCCCCTGCCCTCAACAAGATGTTTTG', 'TGCACGTACTCCCCTGCC-TCAACAAGATGTTTTG', 63.0, 0, 35]",4.0,,D,570.0,micado,18M1D16M,588.0,False,1102614528.0,1.0,4,micado,1.0,0.0,74.0,C,N_215_2,N,215_2,gi|371502114|ref|NM_000546.5|,588.0,184.43,MMMMMMMMMMMMMMMMMMDMMMMMMMMMMMMMMMM,4.9131454889
73,"['AACTGGCCAAGACCTGCCCTGTGCAGCTGTGGGTT', 'AACTGGCCAAGACCTGCC-TGTGCAGCTGTGGGTT', 63.0, 0, 35]",3.0,,D,607.0,micado,18M1D16M,625.0,False,1102614528.0,1.0,4,micado,2.0,0.006,81.0,C,N_215_2,N,215_2,gi|371502114|ref|NM_000546.5|,625.0,184.43,MMMMMMMMMMMMMMMMMMDMMMMMMMMMMMMMMMM,2.58565968954
74,"['ATAGCGATGGTCTGGCCCCTCCTCAGCATCTTAT', 'ATAGCGATGGTCTGGCCC-TCCTCAGCATCTTAT', 61.0, 0, 34]",11.0,,D,751.0,micado,18M1D15M,769.0,False,1102614528.0,1.0,4,micado,3.0,0.0,71.0,C,N_215_2,N,215_2,gi|371502114|ref|NM_000546.5|,769.0,184.43,MMMMMMMMMMMMMMMMMMDMMMMMMMMMMMMMMM,3.4611518779
75,,,,,,micado,,,,1102577664.0,,0,,,,,,N_221_1,N,221_1,,,175.37,,
76,,,,,,micado,,,,1102647296.0,,0,,,,,,N_221_2,N,221_2,,,181.75,,
77,"['TTGTGAGGCGCTGCCCCC-ACCATGAGCGCTG', 'TTGTGAGGCGCTGCCCCCCACCATGAGCGCTG', 57.0, 0, 32]",37.0,C,I,715.0,micado,18M1I13M,734.0,False,1102610432.0,1.0,1,micado,0.0,0.0,232.0,A,N_256_1,N,256_1,gi|371502114|ref|NM_000546.5|,733.0,180.73,MMMMMMMMMMMMMMMMMMIMMMMMMMMMMMMM,3.80557962837
78,,,,,,micado,,,,1102614528.0,,0,,,,,,N_267_1,N,267_1,,,190.86,,
79,,,,,,micado,,,,1102630912.0,,0,,,,,,N_269_1,N,269_1,,,213.7,,
80,"['GCTACGGTTTCCGTCTGGGCTTCTTGCATTCTGGG', 'GCTACGGTTTCCGTCTGG-CTTCTTGCATTCTGGG', 63.0, 0, 35]",8.0,,D,517.0,micado,18M1D16M,535.0,False,1102626816.0,1.0,1,micado,0.0,0.0,139.0,G,N_269_2,N,269_2,gi|371502114|ref|NM_000546.5|,535.0,214.9,MMMMMMMMMMMMMMMMMMDMMMMMMMMMMMMMMMM,4.61477077486
81,"['GCTCCTACACCGGCGGCCCCTGCACCAGCCCCCTCCTGGCCCCTGTCATCTTCTGTCCCTTCCCAGAAAACCTACCAGGGCAGCTACGGTTTCCGTCTGGGCTTCTTGCATTCTGGGACAGCCAAGTCTGTGACTTGCACGTACTCCCCTGCCCTCAACAAGATGTTTTGCCAACTGGCCAAGACCTGCCCTGTGCAGCTGTGGGTTGATTCCACACCCCCGCCCGGTACCCGCGTCCGCGCCATGGCCATCTACAAGCAGTC', 'GCTCCTACACCGGCGGCC---------------------------------------------------------------------------------------------------------------------------------------------------------------------------------------------------------------------------------------ATCTACAAGCAGTC', -401.0, 0, 263]",16.0,,D,435.0,micado,18M231D14M,683.0,False,1102659584.0,231.0,1,micado,0.0,0.0,1.0,CCTGCACCAGCCCCCTCCTGGCCCCTGTCATCTTCTGTCCCTTCCCAGAAAACCTACCAGGGCAGCTACGGTTTCCGTCTGGGCTTCTTGCATTCTGGGACAGCCAAGTCTGTGACTTGCACGTACTCCCCTGCCCTCAACAAGATGTTTTGCCAACTGGCCAAGACCTGCCCTGTGCAGCTGTGGGTTGATTCCACACCCCCGCCCGGTACCCGCGTCCGCGCCATGGCC,N_272_1,N,272_1,gi|371502114|ref|NM_000546.5|,453.0,308.33,MMMMMMMMMMMMMMMMMMDDDDDDDDDDDDDDDDDDDDDDDDDDDDDDDDDDDDDDDDDDDDDDDDDDDDDDDDDDDDDDDDDDDDDDDDDDDDDDDDDDDDDDDDDDDDDDDDDDDDDDDDDDDDDDDDDDDDDDDDDDDDDDDDDDDDDDDDDDDDDDDDDDDDDDDDDDDDDDDDDDDDDDDDDDDDDDDDDDDDDDDDDDDDDDDDDDDDDDDDDDDDDDDDDDDDDDDDDDDDDDDDDDDDDDDMMMMMMMMMMMMMM,inf
82,"['TTCACTGAAGACCCAGGTCCAGATGAAGCTCCCAGAATGCCAGAGGCTGCTCCCCGCGTGGCCCCTGCACCAGCAGCTCCTACACCGGCGGCCCCTGCACCAGCCCCCTCCTGGCCCCTGTCATCTTCTGTCCCTTCCCAGAAAACCTACCAGGGCAGCTACGGTTTCCGTCTGGGCTTCTTGCATTCTGGGACAGCCAAGTCTGTGACTTGCACGTACTCCCCTGCCCTCAA', 'TTCACTGAAGACCCAG--------------------------------------------------------------------------------------------------------------------------------------------------------------------------------------------------------TACTCCCCTGCCCTCAA', -337.0, 0, 233]",10.0,,D,360.0,micado,16M200D17M,575.0,False,1102618624.0,200.0,1,micado,0.0,0.0,37.0,GTCCAGATGAAGCTCCCAGAATGCCAGAGGCTGCTCCCCGCGTGGCCCCTGCACCAGCAGCTCCTACACCGGCGGCCCCTGCACCAGCCCCCTCCTGGCCCCTGTCATCTTCTGTCCCTTCCCAGAAAACCTACCAGGGCAGCTACGGTTTCCGTCTGGGCTTCTTGCATTCTGGGACAGCCAAGTCTGTGACTTGCACG,N_272_2,N,272_2,gi|371502114|ref|NM_000546.5|,376.0,273.12,MMMMMMMMMMMMMMMMDDDDDDDDDDDDDDDDDDDDDDDDDDDDDDDDDDDDDDDDDDDDDDDDDDDDDDDDDDDDDDDDDDDDDDDDDDDDDDDDDDDDDDDDDDDDDDDDDDDDDDDDDDDDDDDDDDDDDDDDDDDDDDDDDDDDDDDDDDDDDDDDDDDDDDDDDDDDDDDDDDDDDDDDDDDDDDDDDDDDDDDDDDDDDDDDDDDDDDDDMMMMMMMMMMMMMMMMM,17.3062100856
83,"['CCCAGGTCCAGATGAAGCTCCCAGAATGCCAGAGGCTGCTCCCCGCGTGGCCCCTGCACCAGCAGCTCCTACACCGGCGGCCCCTGCACCAGCCCCCTCCTGGCCCCTGTCATCTTCTGT', 'CCCAGGTCCAGATGAAGC--------------------------------------------------------------------------------------CCCTGTCATCTTCTGT', -107.0, 0, 120]",14.0,,D,371.0,micado,18M86D16M,474.0,False,1102630912.0,86.0,2,micado,0.0,0.0,82.0,TCCCAGAATGCCAGAGGCTGCTCCCCGCGTGGCCCCTGCACCAGCAGCTCCTACACCGGCGGCCCCTGCACCAGCCCCCTCCTGGC,N_276_1,N,276_1,gi|371502114|ref|NM_000546.5|,389.0,291.16,MMMMMMMMMMMMMMMMMMDDDDDDDDDDDDDDDDDDDDDDDDDDDDDDDDDDDDDDDDDDDDDDDDDDDDDDDDDDDDDDDDDDDDDDDDDDDDDDDDDDDDDDMMMMMMMMMMMMMMMM,36.4125160629
84,"['GGGCTTCTTGCATTCTGGGACAGCCAAGTCTGTGACTTGCACGTACTCCCCTGCCCTCAACAAGATGTTTTGCCAACTGGCCAAGACCTGCCCTGTGCAGCTGTGGGTTGATTCCACACCCCCGCCCGGTACCCGCGTCCGCGCCATGGCCATCTACAAGCAGTCACAGCACATGACGGAGG', 'GGGCTTCTTGCATTCTGG--------------------------------------------------------------------------------------------------------------------------------------------------CACAGCACATGACGGAGG', -223.0, 0, 182]",13.0,,D,533.0,micado,18M146D18M,696.0,False,1102630912.0,146.0,2,micado,1.0,0.0,1.0,GACAGCCAAGTCTGTGACTTGCACGTACTCCCCTGCCCTCAACAAGATGTTTTGCCAACTGGCCAAGACCTGCCCTGTGCAGCTGTGGGTTGATTCCACACCCCCGCCCGGTACCCGCGTCCGCGCCATGGCCATCTACAAGCAGT,N_276_1,N,276_1,gi|371502114|ref|NM_000546.5|,551.0,291.16,MMMMMMMMMMMMMMMMMMDDDDDDDDDDDDDDDDDDDDDDDDDDDDDDDDDDDDDDDDDDDDDDDDDDDDDDDDDDDDDDDDDDDDDDDDDDDDDDDDDDDDDDDDDDDDDDDDDDDDDDDDDDDDDDDDDDDDDDDDDDDDDDDDDDDDDDDDDDDDDDDDDDMMMMMMMMMMMMMMMMMM,inf
85,,,,,,micado,,,,1102630912.0,,0,,,,,,N_279_1,N,279_1,,,198.97,,
86,,,,,,micado,,,,1102643200.0,,0,,,,,,N_279_2,N,279_2,,,197.5,,
87,,,,,,micado,,,,1102635008.0,,0,,,,,,N_284_1,N,284_1,,,190.1,,
88,"['CCAGAAAACCTACCAGGG-CAGCTACGGTTTCCG', 'CCAGAAAACCTACCAGGGGCAGCTACGGTTTCCG', 61.0, 0, 34]",6.0,G,I,497.0,micado,18M1I15M,516.0,False,1102614528.0,1.0,1,micado,0.0,0.002,158.0,C,N_285_1,N,285_1,gi|371502114|ref|NM_000546.5|,515.0,223.04,MMMMMMMMMMMMMMMMMMIMMMMMMMMMMMMMMM,3.35242507136
89,,,,,,micado,,,,1102647296.0,,0,,,,,,N_288_1,N,288_1,,,179.95,,
90,"['TGGCCATCTACAAGCAGT-----CACAGCACATGAC', 'TGGCCATCTACAAGCAGTGCAGTCACAGCACATGAC', 49.0, 0, 36]",13.0,GCAGT,I,679.0,micado,18M5I13M,698.0,False,1102622720.0,5.0,1,micado,0.0,0.0,108.0,CACAG,N_290_1,N,290_1,gi|371502114|ref|NM_000546.5|,697.0,172.07,MMMMMMMMMMMMMMMMMMIIIIIMMMMMMMMMMMMM,253.69164248
91,"['TGGCCATCTACAAGCAGT-----CACAGCACATGAC', 'TGGCCATCTACAAGCAGTGCAGTCACAGCACATGAC', 49.0, 0, 36]",35.0,GCAGT,I,679.0,micado,18M5I13M,698.0,False,1102630912.0,5.0,1,micado,0.0,0.0,189.0,CACAG,N_290_2,N,290_2,gi|371502114|ref|NM_000546.5|,697.0,222.02,MMMMMMMMMMMMMMMMMMIIIIIMMMMMMMMMMMMM,414.512661411
92,,,,,,micado,,,,1102708736.0,,0,,,,,,N_306_1,N,306_1,,,186.52,,
93,,,,,,micado,,,,1102585856.0,,0,,,,,,N_311_2,N,311_2,,,100.95,,
94,,,,,,micado,,,,1102630912.0,,0,,,,,,N_312_1,N,312_1,,,193.85,,
95,"['TGCCCTCAACAAGATGTTTTGCCAACTGGCCAAGACC', 'TGCCCTCAACAAGATGTTATGCCAACTGGCCAAGACC', 69.0, 0, 37]",242.0,A,X,584.0,micado,18M1X18M,602.0,False,1102630912.0,1.0,2,micado,0.0,0.0,21.0,T,N_316_1,N,316_1,gi|371502114|ref|NM_000546.5|,602.0,201.18,MMMMMMMMMMMMMMMMMMXMMMMMMMMMMMMMMMMMM,923.189752892
96,"['TTGTGAGGCGCTGCCCCC-ACCATGAGCGCTG', 'TTGTGAGGCGCTGCCCCCCACCATGAGCGCTG', 57.0, 0, 32]",36.0,C,I,715.0,micado,18M1I13M,734.0,False,1102630912.0,1.0,2,micado,1.0,0.0,226.0,A,N_316_1,N,316_1,gi|371502114|ref|NM_000546.5|,733.0,201.18,MMMMMMMMMMMMMMMMMMIMMMMMMMMMMMMM,3.70435539048
97,"['TGCCCTCAACAAGATGTTTTGCCAACTGGCCAAGACC', 'TGCCCTCAACAAGATGTTATGCCAACTGGCCAAGACC', 69.0, 0, 37]",330.0,A,X,584.0,micado,18M1X18M,602.0,False,1102635008.0,1.0,1,micado,0.0,0.0,18.0,T,N_316_2,N,316_2,gi|371502114|ref|NM_000546.5|,602.0,207.84,MMMMMMMMMMMMMMMMMMXMMMMMMMMMMMMMMMMMM,952.955472517
98,,,,,,micado,,,,1102639104.0,,0,,,,,,N_318_1,N,318_1,,,215.0,,
99,"['AGGTCCAGATGAAGCTCCCAGAATGCCAGAGGCTG', 'AGGTCCAGATGAAGCTCC-AGAATGCCAGAGGCTG', 63.0, 0, 35]",13.0,,D,374.0,micado,18M1D16M,392.0,False,1102643200.0,1.0,2,micado,0.0,0.001,218.0,C,N_318_2,N,318_2,gi|371502114|ref|NM_000546.5|,392.0,204.91,MMMMMMMMMMMMMMMMMMDMMMMMMMMMMMMMMMM,3.25926385967
100,"['TCTGTCCCTTCCCAGAAAACCTACCAGGGCAGCT', 'TCTGTCCCTTCCCAGAAA-CCTACCAGGGCAGCT', 61.0, 0, 34]",14.0,,D,486.0,micado,18M1D15M,504.0,False,1102643200.0,1.0,2,micado,1.0,0.0,207.0,A,N_318_2,N,318_2,gi|371502114|ref|NM_000546.5|,504.0,204.91,MMMMMMMMMMMMMMMMMMDMMMMMMMMMMMMMMM,5.52287730946
101,"['TCTGTCCCTTCCCAGAAAACCTACCAGGGCAGCT', 'TCTGTCCCTTCCCAGAAA-CCTACCAGGGCAGCT', 61.0, 0, 34]",11.0,,D,486.0,micado,18M1D15M,504.0,False,1102708736.0,1.0,1,micado,0.0,0.007,240.0,A,N_319_1,N,319_1,gi|371502114|ref|NM_000546.5|,504.0,215.16,MMMMMMMMMMMMMMMMMMDMMMMMMMMMMMMMMM,2.6068181131
102,"['CAGGGCAGCTACGGTTTCCGTCTGGGCTTCTTGCATTCTGGGACA', 'CAGGGCAGCTACGGTTTC------------TTGCATTCTGGGACA', 39.0, 0, 45]",147.0,,D,510.0,micado,18M12D15M,539.0,False,1102614528.0,12.0,2,micado,0.0,0.0,21.0,CGTCTGGGCTTC,N_320_1,N,320_1,gi|371502114|ref|NM_000546.5|,528.0,230.0,MMMMMMMMMMMMMMMMMMDDDDDDDDDDDDMMMMMMMMMMMMMMM,946.40226159
103,"['GCCCTCAACAAGATGTTTTGCCAACTGGCCAAGA', 'GCCCTCAACAAGATGTTT-GCCAACTGGCCAAGA', 61.0, 0, 34]",9.0,,D,585.0,micado,18M1D15M,603.0,False,1102614528.0,1.0,2,micado,1.0,0.0,194.0,T,N_320_1,N,320_1,gi|371502114|ref|NM_000546.5|,603.0,230.0,MMMMMMMMMMMMMMMMMMDMMMMMMMMMMMMMMM,4.00116083617
104,"['CAGGGCAGCTACGGTTTCCGTCTGGGCTTCTTGCATTCTGGGACA', 'CAGGGCAGCTACGGTTTC------------TTGCATTCTGGGACA', 39.0, 0, 45]",173.0,,D,510.0,micado,18M12D15M,539.0,False,1102614528.0,12.0,1,micado,0.0,0.0,27.0,CGTCTGGGCTTC,N_320_2,N,320_2,gi|371502114|ref|NM_000546.5|,528.0,181.43,MMMMMMMMMMMMMMMMMMDDDDDDDDDDDDMMMMMMMMMMMMMMM,958.502616494
105,,,,,,micado,,,,1102639104.0,,0,,,,,,N_322_1,N,322_1,,,184.47,,
106,"['GCCCTCAACAAGATGTTTTGCCAACTGGCCAAGA', 'GCCCTCAACAAGATGTTT-GCCAACTGGCCAAGA', 61.0, 0, 34]",12.0,,D,585.0,micado,18M1D15M,603.0,False,1102602240.0,1.0,2,micado,0.0,0.007,309.0,T,N_323_1,N,323_1,gi|371502114|ref|NM_000546.5|,603.0,222.66,MMMMMMMMMMMMMMMMMMDMMMMMMMMMMMMMMM,2.79986675443
107,"['GCCATGGCCATCTACAAGCAGTCACAGCACATGACGG', 'GCCATGGCCATCTACAAGTAGTCACAGCACATGACGG', 69.0, 0, 37]",13.0,T,X,675.0,micado,18M1X18M,693.0,False,1102602240.0,1.0,2,micado,1.0,0.0,313.0,C,N_323_1,N,323_1,gi|371502114|ref|NM_000546.5|,693.0,222.66,MMMMMMMMMMMMMMMMMMXMMMMMMMMMMMMMMMMMM,38.0539270879
108,"['GCCCTCAACAAGATGTTTTGCCAACTGGCCAAGA', 'GCCCTCAACAAGATGTTT-GCCAACTGGCCAAGA', 61.0, 0, 34]",10.0,,D,585.0,micado,18M1D15M,603.0,False,1102639104.0,1.0,2,micado,0.0,0.0,211.0,T,N_326_1,N,326_1,gi|371502114|ref|NM_000546.5|,603.0,219.23,MMMMMMMMMMMMMMMMMMDMMMMMMMMMMMMMMM,3.7440750669
109,"['AGACCTGCCCTGTGCAGCTGTGGGTTGATTCCACACC', 'AGACCTGCCCTGTGCAGC-GTGGGTTGATTCCACACC', 67.0, 0, 37]",22.0,,D,616.0,micado,18M1D18M,634.0,False,1102639104.0,1.0,2,micado,1.0,0.0,201.0,T,N_326_1,N,326_1,gi|371502114|ref|NM_000546.5|,634.0,219.23,MMMMMMMMMMMMMMMMMMDMMMMMMMMMMMMMMMMMM,130.217436212
110,"['AGACCTGCCCTGTGCAGCTGTGGGTTGATTCCACACC', 'AGACCTGCCCTGTGCAGC-GTGGGTTGATTCCACACC', 67.0, 0, 37]",15.0,,D,616.0,micado,18M1D18M,634.0,False,1102557184.0,1.0,1,micado,0.0,0.0,170.0,T,N_326_2,N,326_2,gi|371502114|ref|NM_000546.5|,634.0,220.94,MMMMMMMMMMMMMMMMMMDMMMMMMMMMMMMMMMMMM,112.943068828
111,"['ATAGCGATGGTCTGGCCCCTCCTCAGCATCTTATCCGAGTGGAAGGAAATTT', 'ATAGCGATGGTCTGGCCC-TCCTCAGCATCTTATCCGAGTGGAAGGAAATTT', 97.0, 0, 52]",13.0,,D,751.0,micado,18M1D33M,769.0,False,1102606336.0,1.0,2,micado,0.0,0.0,68.0,C,N_340_1,N,340_1,gi|371502114|ref|NM_000546.5|,769.0,200.27,MMMMMMMMMMMMMMMMMMDMMMMMMMMMMMMMMMMMMMMMMMMMMMMMMMMM,5.69812475729
112,"['CCCCTCCTCAGCATCTTATCCGAGTGGAAGGAAATTT', 'CCCCTCCTCAGCATCTTAGCCGAGTGGAAGGAAATTT', 69.0, 0, 37]",157.0,G,X,766.0,micado,18M1X18M,784.0,False,1102606336.0,1.0,2,micado,1.0,0.0,73.0,T,N_340_1,N,340_1,gi|371502114|ref|NM_000546.5|,784.0,200.27,MMMMMMMMMMMMMMMMMMXMMMMMMMMMMMMMMMMMM,828.155787841
113,"['TTGTGAGGCGCTGCCCCC-ACCATGAGCGCTG', 'TTGTGAGGCGCTGCCCCCCACCATGAGCGCTG', 57.0, 0, 32]",14.0,C,I,715.0,micado,18M1I13M,734.0,False,1102618624.0,1.0,3,micado,0.0,0.009,101.0,A,N_340_2,N,340_2,gi|371502114|ref|NM_000546.5|,733.0,202.14,MMMMMMMMMMMMMMMMMMIMMMMMMMMMMMMM,2.41258988263
114,"['ATAGCGATGGTCTGGCCCCTCCTCAGCATCTTATCCGAGTGGAAGGAAATTT', 'ATAGCGATGGTCTGGCCC-TCCTCAGCATCTTATCCGAGTGGAAGGAAATTT', 97.0, 0, 52]",5.0,,D,751.0,micado,18M1D33M,769.0,False,1102618624.0,1.0,3,micado,1.0,0.0,28.0,C,N_340_2,N,340_2,gi|371502114|ref|NM_000546.5|,769.0,202.14,MMMMMMMMMMMMMMMMMMDMMMMMMMMMMMMMMMMMMMMMMMMMMMMMMMMM,5.31794578685
115,"['CCCCTCCTCAGCATCTTATCCGAGTGGAAGGAAATTT', 'CCCCTCCTCAGCATCTTAGCCGAGTGGAAGGAAATTT', 69.0, 0, 37]",77.0,G,X,766.0,micado,18M1X18M,784.0,False,1102618624.0,1.0,3,micado,2.0,0.0,31.0,T,N_340_2,N,340_2,gi|371502114|ref|NM_000546.5|,784.0,202.14,MMMMMMMMMMMMMMMMMMXMMMMMMMMMMMMMMMMMM,847.635722682
116,,,,,,micado,,,,1102659584.0,,0,,,,,,N_341_1,N,341_1,,,195.01,,
117,"['TGCTCCCCGCGTGGCCCC-TGCACCAGCAGCTC', 'TGCTCCCCGCGTGGCCCCCTGCACCAGCAGCTC', 59.0, 0, 33]",6.0,C,I,207.0,micado,18M1I14M,226.0,False,1102614528.0,1.0,4,micado,0.0,0.005,115.0,C,N_341_2,N,341_2,NM_000546.5,225.0,235.89,MMMMMMMMMMMMMMMMMMIMMMMMMMMMMMMMM,3.1752271663
118,"['TTCACTGAAGACCCAGGTCCAGATGAAGCT', 'TTCACTGAAGACC-AGGTCCAGATGAAGCT', 53.0, 0, 30]",6.0,,D,360.0,micado,13M1D16M,373.0,False,1102614528.0,1.0,4,micado,1.0,0.0,158.0,C,N_341_2,N,341_2,gi|371502114|ref|NM_000546.5|,373.0,235.89,MMMMMMMMMMMMMDMMMMMMMMMMMMMMMM,4.06169607555
119,"['ATGCCAGAGGCTGCTCCCCGCGTGGCCCCTGCAC', 'ATGCCAGAGGCTGCTCCC-GCGTGGCCCCTGCAC', 61.0, 0, 34]",18.0,,D,396.0,micado,18M1D15M,414.0,False,1102614528.0,1.0,4,micado,2.0,0.005,118.0,C,N_341_2,N,341_2,gi|371502114|ref|NM_000546.5|,414.0,235.89,MMMMMMMMMMMMMMMMMMDMMMMMMMMMMMMMMM,2.79375202713
120,"['ACCAGGGCAGCTACGGTTTCCGTCTGGGCTTCTTG', 'ACCAGGGCAGCTACGGTT-CCGTCTGGGCTTCTTG', 63.0, 0, 35]",6.0,,D,508.0,micado,18M1D16M,526.0,False,1102614528.0,1.0,4,micado,3.0,0.0,142.0,T,N_341_2,N,341_2,gi|371502114|ref|NM_000546.5|,526.0,235.89,MMMMMMMMMMMMMMMMMMDMMMMMMMMMMMMMMMM,6.67279648056
121,,,,,,micado,,,,1102651392.0,,0,,,,,,N_83_1,N,83_1,,,179.33,,
122,,,,,,micado,,,,1102647296.0,,0,,,,,,N_83_2,N,83_2,,,195.94,,
