,alignment,alt_read_count,alt_sequence,alt_type,base_position,caller,compact_cigar,end,is_multi,max_memory,n_alterations,n_caller_alterations,origin,pvalue_ratio,reference_sequence,sample,sample_fragment,sample_key,splicing_variant,start,total_run_time,uncompact_cigar,z_score
0,,,,,,micado,,,,1102614528.0,,0,,,,C_158_1,C,158_1,,,201.55,,
1,,,,,,micado,,,,843669504.0,,0,,,,C_169_1,C,169_1,,,218.51,,
2,,,,,,micado,,,,1102565376.0,,0,,,,C_169_2,C,169_2,,,219.31,,
3,,,,,,micado,,,,901005312.0,,0,,,,C_183_1,C,183_1,,,206.56,,
4,,,,,,micado,,,,943546368.0,,0,,,,C_183_2,C,183_2,,,216.48,,
5,,,,,,micado,,,,1102565376.0,,0,,,,C_192_1,C,192_1,,,215.78,,
6,,,,,,micado,,,,1102602240.0,,0,,,,C_192_2,C,192_2,,,203.87,,
7,,,,,,micado,,,,1102577664.0,,0,,,,C_193_1,C,193_1,,,217.65,,
8,"['TGACAGAAACACTTTTCGACATAGTGTGGTGGTGCCC', 'TGACAGAAACACTTTTCGGCATAGTGTGGTGGTGCCC', 69.0, 0, 37]",28.0,G,X,821.0,micado,18M1X18M,839.0,False,1102585856.0,1.0,1,micado,0.0,A,C_207_1,C,207_1,gi|371502114|ref|NM_000546.5|,839.0,265.93,MMMMMMMMMMMMMMMMMMXMMMMMMMMMMMMMMMMMM,16.9852862805
9,"['TGACAGAAACACTTTTCGACATAGTGTGGTGGTGCCC', 'TGACAGAAACACTTTTCGGCATAGTGTGGTGGTGCCC', 69.0, 0, 37]",23.0,G,X,821.0,micado,18M1X18M,839.0,False,1102553088.0,1.0,1,micado,0.0,A,C_207_2,C,207_2,gi|371502114|ref|NM_000546.5|,839.0,226.64,MMMMMMMMMMMMMMMMMMXMMMMMMMMMMMMMMMMMM,8.91363294217
10,"['CTACATGTGTAACAGTTCCTGCATGGGCGGCATGAA', 'CTACATGTGTAACAGTTC-TGCATGGGCGGCATGAA', 65.0, 0, 36]",84.0,,D,905.0,micado,18M1D17M,923.0,False,1102548992.0,1.0,1,micado,0.0,C,C_215_1,C,215_1,gi|371502114|ref|NM_000546.5|,923.0,238.31,MMMMMMMMMMMMMMMMMMDMMMMMMMMMMMMMMMMM,85.189088554
11,"['CTACATGTGTAACAGTTCCTGCATGGGCGGCATGAA', 'CTACATGTGTAACAGTTC-TGCATGGGCGGCATGAA', 65.0, 0, 36]",63.0,,D,905.0,micado,18M1D17M,923.0,False,1102528512.0,1.0,1,micado,0.0,C,C_215_2,C,215_2,gi|371502114|ref|NM_000546.5|,923.0,236.77,MMMMMMMMMMMMMMMMMMDMMMMMMMMMMMMMMMMM,56.3279684257
12,"['ATAGTGTGGTGGTGCCCTATGAGCCGCCTGAGGTTGG', 'ATAGTGTGGTGGTGCCCTGTGAGCCGCCTGAGGTTGG', 69.0, 0, 37]",187.0,G,X,841.0,micado,18M1X18M,859.0,False,1102553088.0,1.0,1,micado,0.0,A,C_221_1,C,221_1,gi|371502114|ref|NM_000546.5|,859.0,222.22,MMMMMMMMMMMMMMMMMMXMMMMMMMMMMMMMMMMMM,212.558975338
13,"['ATAGTGTGGTGGTGCCCTATGAGCCGCCTGAGGTTGG', 'ATAGTGTGGTGGTGCCCTGTGAGCCGCCTGAGGTTGG', 69.0, 0, 37]",149.0,G,X,841.0,micado,18M1X18M,859.0,False,1102557184.0,1.0,2,micado,0.0,A,C_221_2,C,221_2,gi|371502114|ref|NM_000546.5|,859.0,239.49,MMMMMMMMMMMMMMMMMMXMMMMMMMMMMMMMMMMMM,193.966868176
14,"['GGAAGGAAATTTGCGTGTGGAGTAT', 'GGAAGGAA-TTTGCGTGTGGAGTAT', 43.0, 0, 25]",10.0,,D,791.0,micado,8M1D16M,799.0,False,1102557184.0,1.0,2,micado,0.005,A,C_221_2,C,221_2,gi|371502114|ref|NM_000546.5|,799.0,239.49,MMMMMMMMDMMMMMMMMMMMMMMMM,2.89250206136
15,"['TGGTGGTGCCCTATGAGCCGCCTGAGGTTGGCTCTGA', 'TGGTGGTGCCCTATGAGCTGCCTGAGGTTGGCTCTGA', 69.0, 0, 37]",325.0,T,X,847.0,micado,18M1X18M,865.0,False,1102532608.0,1.0,1,micado,0.0,C,C_256_1,C,256_1,gi|371502114|ref|NM_000546.5|,865.0,251.11,MMMMMMMMMMMMMMMMMMXMMMMMMMMMMMMMMMMMM,668.242259463
16,,,,,,micado,,,,1102553088.0,,0,,,,C_267_1,C,267_1,,,239.2,,
17,"['GATGGAGAATATTTCACCCTTCAGATCCGTGGGCG', 'GATGGAGAATATTTCACC-TTCAGATCCGTGGGCG', 63.0, 0, 35]",12.0,,D,1170.0,micado,18M1D16M,1188.0,False,1102557184.0,1.0,2,micado,0.003,C,C_269_1,C,269_1,gi|371502114|ref|NM_000546.5|,1188.0,231.97,MMMMMMMMMMMMMMMMMMDMMMMMMMMMMMMMMMM,3.27624980384
18,"['CCCTATGAGCCGCCTGAG-----GTTGGCTCTGACTGTAC', 'CCCTATGAGCCGCCTGAGATCTGGTTGGCTCTGACTGTAC', 57.0, 0, 40]",116.0,ATCTG,I,855.0,micado,18M5I17M,874.0,False,1102557184.0,5.0,2,micado,0.0,GTTGG,C_269_1,C,269_1,gi|371502114|ref|NM_000546.5|,873.0,231.97,MMMMMMMMMMMMMMMMMMIIIIIMMMMMMMMMMMMMMMMM,730.191173331
19,"['CCCTATGAGCCGCCTGAG-----GTTGGCTCTGACTGTAC', 'CCCTATGAGCCGCCTGAGATCTGGTTGGCTCTGACTGTAC', 57.0, 0, 40]",88.0,ATCTG,I,855.0,micado,18M5I17M,874.0,False,1102544896.0,5.0,1,micado,0.0,GTTGG,C_269_2,C,269_2,gi|371502114|ref|NM_000546.5|,873.0,228.85,MMMMMMMMMMMMMMMMMMIIIIIMMMMMMMMMMMMMMMMM,578.365060092
20,"['GCCCTATGAGCCGCCTGA-----GGTTGGCTCTGACTGTAC', 'GCCCTATGAGCCGCCTGAAGTCTGGTTGGCTCTGACTGTAC', 59.0, 0, 41]",40.0,AGTCT,I,854.0,micado,18M5I18M,873.0,False,1102520320.0,5.0,1,micado,0.0,GGTTG,C_272_1,C,272_1,gi|371502114|ref|NM_000546.5|,872.0,215.47,MMMMMMMMMMMMMMMMMMIIIIIMMMMMMMMMMMMMMMMMM,387.164129524
21,"['GCCCTATGAGCCGCCTGA-----GGTTGGCTCTGACTGTAC', 'GCCCTATGAGCCGCCTGAAGTCTGGTTGGCTCTGACTGTAC', 59.0, 0, 41]",19.0,AGTCT,I,854.0,micado,18M5I18M,873.0,False,1102536704.0,5.0,1,micado,0.0,GGTTG,C_272_2,C,272_2,gi|371502114|ref|NM_000546.5|,872.0,216.34,MMMMMMMMMMMMMMMMMMIIIIIMMMMMMMMMMMMMMMMMM,216.353924579
22,,,,,,micado,,,,1102577664.0,,0,,,,C_276_1,C,276_1,,,193.26,,
23,"['AGCTTTGAGGTGCGTGTTTGTGCCTGTCCTGGGAGAG', 'AGCTTTGAGGTGCGTGTTCGTGCCTGTCCTGGGAGAG', 69.0, 0, 37]",207.0,C,X,1005.0,micado,18M1X18M,1023.0,False,1102774272.0,1.0,1,micado,0.0,T,C_279_1,C,279_1,gi|371502114|ref|NM_000546.5|,1023.0,236.44,MMMMMMMMMMMMMMMMMMXMMMMMMMMMMMMMMMMMM,451.151446701
24,"['AGCTTTGAGGTGCGTGTTTGTGCCTGTCCTGGGAGAG', 'AGCTTTGAGGTGCGTGTTCGTGCCTGTCCTGGGAGAG', 69.0, 0, 37]",209.0,C,X,1005.0,micado,18M1X18M,1023.0,False,1102553088.0,1.0,1,micado,0.0,T,C_279_2,C,279_2,gi|371502114|ref|NM_000546.5|,1023.0,261.03,MMMMMMMMMMMMMMMMMMXMMMMMMMMMMMMMMMMMM,465.082856524
25,,,,,,micado,,,,1102540800.0,,0,,,,C_284_1,C,284_1,,,192.22,,
26,,,,,,micado,,,,864890880.0,,0,,,,C_285_1,C,285_1,,,218.97,,
27,,,,,,micado,,,,1102585856.0,,0,,,,C_288_1,C,288_1,,,203.01,,
28,,,,,,micado,,,,1102581760.0,,0,,,,C_290_1,C,290_1,,,231.8,,
29,,,,,,micado,,,,1102524416.0,,0,,,,C_290_2,C,290_2,,,205.4,,
30,,,,,,micado,,,,1102606336.0,,0,,,,C_306_1,C,306_1,,,219.02,,
31,,,,,,micado,,,,1102561280.0,,0,,,,C_312_1,C,312_1,,,191.83,,
32,,,,,,micado,,,,935759872.0,,0,,,,C_316_1,C,316_1,,,215.42,,
33,,,,,,micado,,,,1102553088.0,,0,,,,C_316_2,C,316_2,,,190.24,,
34,"['GCCTGTCCTGGGAGAGACCGGCGCACAGAGGAAGAGA', 'GCCTGTCCTGGGAGAGACTGGCGCACAGAGGAAGAGA', 69.0, 0, 37]",155.0,T,X,1026.0,micado,18M1X18M,1044.0,False,1102544896.0,1.0,1,micado,0.0,C,C_318_1,C,318_1,gi|371502114|ref|NM_000546.5|,1044.0,220.22,MMMMMMMMMMMMMMMMMMXMMMMMMMMMMMMMMMMMM,169.23323225
35,"['GCCTGTCCTGGGAGAGACCGGCGCACAGAGGAAGAGA', 'GCCTGTCCTGGGAGAGACTGGCGCACAGAGGAAGAGA', 69.0, 0, 37]",108.0,T,X,1026.0,micado,18M1X18M,1044.0,False,1102557184.0,1.0,1,micado,0.0,C,C_318_2,C,318_2,gi|371502114|ref|NM_000546.5|,1044.0,254.21,MMMMMMMMMMMMMMMMMMXMMMMMMMMMMMMMMMMMM,93.478154828
36,"['AGCTTTGAGGTGCGTGTTTGTGCCTGTCCTGGGAG', 'AGCTTTGAGGTGCGTGTT-GTGCCTGTCCTGGGAG', 63.0, 0, 35]",10.0,,D,1005.0,micado,18M1D16M,1023.0,False,1102508032.0,1.0,1,micado,0.004,T,C_319_1,C,319_1,gi|371502114|ref|NM_000546.5|,1023.0,232.97,MMMMMMMMMMMMMMMMMMDMMMMMMMMMMMMMMMM,2.71582177619
37,,,,,,micado,,,,1102557184.0,,0,,,,C_320_1,C,320_1,,,192.51,,
38,,,,,,micado,,,,1102548992.0,,0,,,,C_320_2,C,320_2,,,201.58,,
39,,,,,,micado,,,,1102540800.0,,0,,,,C_322_1,C,322_1,,,221.7,,
40,,,,,,micado,,,,943177728.0,,0,,,,C_323_1,C,323_1,,,205.57,,
41,,,,,,micado,,,,1102536704.0,,0,,,,C_326_1,C,326_1,,,201.91,,
42,,,,,,micado,,,,1102524416.0,,0,,,,C_326_2,C,326_2,,,189.48,,
43,,,,,,micado,,,,1102557184.0,,0,,,,C_340_1,C,340_1,,,192.88,,
44,,,,,,micado,,,,1102577664.0,,0,,,,C_340_2,C,340_2,,,218.35,,
45,"['GGAACAGCTTTGAGGTGCGTGTTTGTGCCTGTCCTGG', 'GGAACAGCTTTGAGGTGCATGTTTGTGCCTGTCCTGG', 69.0, 0, 37]",179.0,A,X,1000.0,micado,18M1X18M,1018.0,False,1102565376.0,1.0,1,micado,0.0,G,C_341_1,C,341_1,gi|371502114|ref|NM_000546.5|,1018.0,229.95,MMMMMMMMMMMMMMMMMMXMMMMMMMMMMMMMMMMMM,187.955689083
46,"['GGAACAGCTTTGAGGTGCGTGTTTGTGCCTGTCCTGG', 'GGAACAGCTTTGAGGTGCATGTTTGTGCCTGTCCTGG', 69.0, 0, 37]",443.0,A,X,1000.0,micado,18M1X18M,1018.0,False,901644288.0,1.0,1,micado,0.0,G,C_341_2,C,341_2,gi|371502114|ref|NM_000546.5|,1018.0,232.69,MMMMMMMMMMMMMMMMMMXMMMMMMMMMMMMMMMMMM,228.805459136
47,"['GAATATTTCACCCTTCAG-------------------------------------------------------------------------------------------------------------------------------------ATCCGTGGGCGTGAGCG', 'GAATATTTCACCCTTCAGGACCAGACCAGCTTTCAAAAAGAAAATTGTTAAAGAGAGCATGAAAATGGTTCTATGACTTTGCCTGATACAGATGCTACTTGACTTACGATGGTGTTACTTCCTGATAAACTCGTCGTAAGTTGAAAATATGATCCGTGGGCGTGAGCG', -199.0, 0, 168]",14.0,GACCAGACCAGCTTTCAAAAAGAAAATTGTTAAAGAGAGCATGAAAATGGTTCTATGACTTTGCCTGATACAGATGCTACTTGACTTACGATGGTGTTACTTCCTGATAAACTCGTCGTAAGTTGAAAATATG,I,1176.0,micado,18M133I17M,1195.0,False,1065222144.0,133.0,1,micado,0.0,ATCCGTGGGCGTGAGCG,C_83_1,C,83_1,gi|371502114|ref|NM_000546.5|,1194.0,221.64,MMMMMMMMMMMMMMMMMMIIIIIIIIIIIIIIIIIIIIIIIIIIIIIIIIIIIIIIIIIIIIIIIIIIIIIIIIIIIIIIIIIIIIIIIIIIIIIIIIIIIIIIIIIIIIIIIIIIIIIIIIIIIIIIIIIIIIIIIIIIIIIIIIIIIIIMMMMMMMMMMMMMMMMM,210.651790512
48,"['GAATATTTCACCCTTCAG-------------------------------------------------------------------------------------------------------------------------------------ATCCGTGGGCGTGAGCG', 'GAATATTTCACCCTTCAGGACCAGACCAGCTTTCAAAAAGAAAATTGTTAAAGAGAGCATGAAAATGGTTCTATGACTTTGCCTGATACAGATGCTACTTGACTTACGATGGTGTTACTTCCTGATAAACTCGTCGTAAGTTGAAAATATGATCCGTGGGCGTGAGCG', -199.0, 0, 168]",11.0,GACCAGACCAGCTTTCAAAAAGAAAATTGTTAAAGAGAGCATGAAAATGGTTCTATGACTTTGCCTGATACAGATGCTACTTGACTTACGATGGTGTTACTTCCTGATAAACTCGTCGTAAGTTGAAAATATG,I,1176.0,micado,18M133I17M,1195.0,False,1064300544.0,133.0,2,micado,0.0,ATCCGTGGGCGTGAGCG,C_83_2,C,83_2,gi|371502114|ref|NM_000546.5|,1194.0,248.89,MMMMMMMMMMMMMMMMMMIIIIIIIIIIIIIIIIIIIIIIIIIIIIIIIIIIIIIIIIIIIIIIIIIIIIIIIIIIIIIIIIIIIIIIIIIIIIIIIIIIIIIIIIIIIIIIIIIIIIIIIIIIIIIIIIIIIIIIIIIIIIIIIIIIIIIMMMMMMMMMMMMMMMMM,138.059323482
49,"['GGATGACAGAAACACTTTTCGACATAGTGTGGTG', 'GGATGACAGAAACACTTT-CGACATAGTGTGGTG', 61.0, 0, 34]",12.0,,D,818.0,micado,18M1D15M,836.0,False,1064300544.0,1.0,2,micado,0.008,T,C_83_2,C,83_2,gi|371502114|ref|NM_000546.5|,836.0,248.89,MMMMMMMMMMMMMMMMMMDMMMMMMMMMMMMMMM,2.45693704121
50,"['TGCCAGAGGCTGCTCCCCCCGTGGCCCCTGCACCAGC', 'TGCCAGAGGCTGCTCCCCGCGTGGCCCCTGCACCAGC', 69.0, 0, 37]",299.0,G,X,397.0,micado,18M1X18M,415.0,False,1102557184.0,1.0,1,micado,0.0,C,N_158_1,N,158_1,gi|371502114|ref|NM_000546.5|,415.0,286.36,MMMMMMMMMMMMMMMMMMXMMMMMMMMMMMMMMMMMM,10.2331769836
51,"['TCCGCGCCATGGCCATCTACAAGCAGTCACAGCACAT', 'TCCGCGCCATGGCCATCTGCAAGCAGTCACAGCACAT', 69.0, 0, 37]",231.0,G,X,670.0,micado,18M1X18M,688.0,False,1102553088.0,1.0,1,micado,0.0,A,N_169_1,N,169_1,gi|371502114|ref|NM_000546.5|,688.0,261.21,MMMMMMMMMMMMMMMMMMXMMMMMMMMMMMMMMMMMM,330.272117556
52,"['TCCGCGCCATGGCCATCTACAAGCAGTCACAGCACAT', 'TCCGCGCCATGGCCATCTGCAAGCAGTCACAGCACAT', 69.0, 0, 37]",215.0,G,X,670.0,micado,18M1X18M,688.0,False,1102565376.0,1.0,1,micado,0.0,A,N_169_2,N,169_2,gi|371502114|ref|NM_000546.5|,688.0,289.14,MMMMMMMMMMMMMMMMMMXMMMMMMMMMMMMMMMMMM,286.12118208
53,"['GCCAGAGGCTGCTCCCCC-CGTGGCCCCTGCACCAGC', 'GCCAGAGGCTGCTCCCCCGCGTGGCCCCTGCACCAGC', 67.0, 0, 37]",23.0,G,I,398.0,micado,18M1I18M,417.0,False,1064812544.0,1.0,2,micado,0.0,C,N_183_1,N,183_1,gi|371502114|ref|NM_000546.5|,416.0,354.78,MMMMMMMMMMMMMMMMMMIMMMMMMMMMMMMMMMMMM,8.65751240763
54,"['TTCACTGAAGACCCAGGTCCAGATGAAGCTCCCAGAATGCCAGAGGCTGCTCCCCCCGTGGCCCCTGCACCAGCAGCTCCTACACCGGCGGCCCCTGCACCAGCCCCCTCCTGGCCCCTGTCATCTTCTGTCCCTTCCCAGAAAACCTACCAGGGCAGCTACGGTTTCCGTCTGGGCTTCTTGCATTCTGGGACAGCCAAGTCTGTGACTTGCACGTACTCCCCTGCCCTCAA', 'TTCACTGAAGACCCAG--------------------------------------------------------------------------------------------------------------------------------------------------------------------------------------------------------TACTCCCCTGCCCTCAA', -337.0, 0, 233]",237.0,,D,360.0,micado,16M200D17M,575.0,False,1064812544.0,200.0,2,micado,0.0,GTCCAGATGAAGCTCCCAGAATGCCAGAGGCTGCTCCCCCCGTGGCCCCTGCACCAGCAGCTCCTACACCGGCGGCCCCTGCACCAGCCCCCTCCTGGCCCCTGTCATCTTCTGTCCCTTCCCAGAAAACCTACCAGGGCAGCTACGGTTTCCGTCTGGGCTTCTTGCATTCTGGGACAGCCAAGTCTGTGACTTGCACG,N_183_1,N,183_1,gi|371502114|ref|NM_000546.5|,376.0,354.78,MMMMMMMMMMMMMMMMDDDDDDDDDDDDDDDDDDDDDDDDDDDDDDDDDDDDDDDDDDDDDDDDDDDDDDDDDDDDDDDDDDDDDDDDDDDDDDDDDDDDDDDDDDDDDDDDDDDDDDDDDDDDDDDDDDDDDDDDDDDDDDDDDDDDDDDDDDDDDDDDDDDDDDDDDDDDDDDDDDDDDDDDDDDDDDDDDDDDDDDDDDDDDDDDDDDDDDDDMMMMMMMMMMMMMMMMM,21.4892135515
55,"['TGCCAGAGGCTGCTCCCCCCGTGGCCCCTGCACCAGCAGCTCC', 'TGCCAGAGGCTGCTCCCCCCGTGGCCC-TGCACCAGCAGCTCC', 79.0, 0, 43]",21.0,,D,397.0,micado,27M1D15M,424.0,False,1066196992.0,1.0,2,micado,0.0,C,N_183_2,N,183_2,gi|371502114|ref|NM_000546.5|,424.0,346.58,MMMMMMMMMMMMMMMMMMMMMMMMMMMDMMMMMMMMMMMMMMM,9.71383953089
56,"['TTCACTGAAGACCCAGGTCCAGATGAAGCTCCCAGAATGCCAGAGGCTGCTCCCCCCGTGGCCCCTGCACCAGCAGCTCCTACACCGGCGGCCCCTGCACCAGCCCCCTCCTGGCCCCTGTCATCTTCTGTCCCTTCCCAGAAAACCTACCAGGGCAGCTACGGTTTCCGTCTGGGCTTCTTGCATTCTGGGACAGCCAAGTCTGTGACTTGCACGTACTCCCCTGCCCTCAA', 'TTCACTGAAGACCCAG--------------------------------------------------------------------------------------------------------------------------------------------------------------------------------------------------------TACTCCCCTGCCCTCAA', -337.0, 0, 233]",292.0,,D,360.0,micado,16M200D17M,575.0,False,1066196992.0,200.0,2,micado,0.0,GTCCAGATGAAGCTCCCAGAATGCCAGAGGCTGCTCCCCCCGTGGCCCCTGCACCAGCAGCTCCTACACCGGCGGCCCCTGCACCAGCCCCCTCCTGGCCCCTGTCATCTTCTGTCCCTTCCCAGAAAACCTACCAGGGCAGCTACGGTTTCCGTCTGGGCTTCTTGCATTCTGGGACAGCCAAGTCTGTGACTTGCACG,N_183_2,N,183_2,gi|371502114|ref|NM_000546.5|,376.0,346.58,MMMMMMMMMMMMMMMMDDDDDDDDDDDDDDDDDDDDDDDDDDDDDDDDDDDDDDDDDDDDDDDDDDDDDDDDDDDDDDDDDDDDDDDDDDDDDDDDDDDDDDDDDDDDDDDDDDDDDDDDDDDDDDDDDDDDDDDDDDDDDDDDDDDDDDDDDDDDDDDDDDDDDDDDDDDDDDDDDDDDDDDDDDDDDDDDDDDDDDDDDDDDDDDDDDDDDDDDMMMMMMMMMMMMMMMMM,21.3059315626
57,"['TGCCAGAGGCTGCTCCCCCCGTGGCCCCTGCACCAGC', 'TGCCAGAGGCTGCTCCCCGCGTGGCCCCTGCACCAGC', 69.0, 0, 37]",149.0,G,X,397.0,micado,18M1X18M,415.0,False,1102536704.0,1.0,1,micado,0.0,C,N_192_1,N,192_1,gi|371502114|ref|NM_000546.5|,415.0,269.12,MMMMMMMMMMMMMMMMMMXMMMMMMMMMMMMMMMMMM,10.1656336025
58,"['TCTGTCCCTTCCCAGAAAACCTACCAGGGCAGCT', 'TCTGTCCCTTCCCAGAAA-CCTACCAGGGCAGCT', 61.0, 0, 34]",6.0,,D,486.0,micado,18M1D15M,504.0,False,1102585856.0,1.0,4,micado,0.0,A,N_192_2,N,192_2,gi|371502114|ref|NM_000546.5|,504.0,166.94,MMMMMMMMMMMMMMMMMMDMMMMMMMMMMMMMMM,7.49669308827
59,"['TGCCAGAGGCTGCTCCCCCCGTGGCCCCTGCACCAGC', 'TGCCAGAGGCTGCTCCCCGCGTGGCCCCTGCACCAGC', 69.0, 0, 37]",40.0,G,X,397.0,micado,18M1X18M,415.0,False,1102585856.0,1.0,4,micado,0.0,C,N_192_2,N,192_2,gi|371502114|ref|NM_000546.5|,415.0,166.94,MMMMMMMMMMMMMMMMMMXMMMMMMMMMMMMMMMMMM,9.47863562904
60,"['GGCCCCTGCACCAGCCCCCTCCTGGCCCCTGTC', 'GGCCCCTGCACCAGCCCC-TCCTGGCCCCTGTC', 59.0, 0, 33]",11.0,,D,449.0,micado,18M1D14M,467.0,False,1102585856.0,1.0,4,micado,0.0,C,N_192_2,N,192_2,gi|371502114|ref|NM_000546.5|,467.0,166.94,MMMMMMMMMMMMMMMMMMDMMMMMMMMMMMMMM,6.18975064465
61,"['GCCCTCAACAAGATGTTTTGCCAACTGGCCAAGA', 'GCCCTCAACAAGATGTTT-GCCAACTGGCCAAGA', 61.0, 0, 34]",4.0,,D,585.0,micado,18M1D15M,603.0,False,1102585856.0,1.0,4,micado,0.0,T,N_192_2,N,192_2,gi|371502114|ref|NM_000546.5|,603.0,166.94,MMMMMMMMMMMMMMMMMMDMMMMMMMMMMMMMMM,5.43321466639
62,"['TGCCAGAGGCTGCTCCCCCCGTGGCCCCTGCACCAGC', 'TGCCAGAGGCTGCTCCCCGCGTGGCCCCTGCACCAGC', 69.0, 0, 37]",217.0,G,X,397.0,micado,18M1X18M,415.0,False,1102536704.0,1.0,2,micado,0.0,C,N_193_1,N,193_1,gi|371502114|ref|NM_000546.5|,415.0,288.68,MMMMMMMMMMMMMMMMMMXMMMMMMMMMMMMMMMMMM,10.3832468915
63,"['GCCCTCAACAAGATGTTTTGCCAACTGGCCAAGA', 'GCCCTCAACAAGATGTTT-GCCAACTGGCCAAGA', 61.0, 0, 34]",10.0,,D,585.0,micado,18M1D15M,603.0,False,1102536704.0,1.0,2,micado,0.008,T,N_193_1,N,193_1,gi|371502114|ref|NM_000546.5|,603.0,288.68,MMMMMMMMMMMMMMMMMMDMMMMMMMMMMMMMMM,2.56034068723
64,"['AGGGCAGCTACGGTTTCCGTCTGGGCTTCTTGCATTC', 'AGGGCAGCTACGGTTTCCCTCTGGGCTTCTTGCATTC', 69.0, 0, 37]",97.0,C,X,511.0,micado,18M1X18M,529.0,False,1102548992.0,1.0,2,micado,0.0,G,N_207_1,N,207_1,gi|371502114|ref|NM_000546.5|,529.0,258.29,MMMMMMMMMMMMMMMMMMXMMMMMMMMMMMMMMMMMM,285.810972898
65,"['TGCCAGAGGCTGCTCCCCCCGTGGCCCCTGCACCAGC', 'TGCCAGAGGCTGCTCCCCACGTGGCCCCTGCACCAGC', 69.0, 0, 37]",108.0,A,X,397.0,micado,18M1X18M,415.0,False,1102548992.0,1.0,2,micado,0.0,C,N_207_1,N,207_1,gi|371502114|ref|NM_000546.5|,415.0,258.29,MMMMMMMMMMMMMMMMMMXMMMMMMMMMMMMMMMMMM,102.463687938
66,"['AGGGCAGCTACGGTTTCCGTCTGGGCTTCTTGCATTC', 'AGGGCAGCTACGGTTTCCCTCTGGGCTTCTTGCATTC', 69.0, 0, 37]",230.0,C,X,511.0,micado,18M1X18M,529.0,False,1102569472.0,1.0,3,micado,0.0,G,N_207_2,N,207_2,gi|371502114|ref|NM_000546.5|,529.0,317.43,MMMMMMMMMMMMMMMMMMXMMMMMMMMMMMMMMMMMM,396.088668614
67,"['TGCCAGAGGCTGCTCCCCCCGTGGCCCCTGCACCAGC', 'TGCCAGAGGCTGCTCCCCACGTGGCCCCTGCACCAGC', 69.0, 0, 37]",224.0,A,X,397.0,micado,18M1X18M,415.0,False,1102569472.0,1.0,3,micado,0.0,C,N_207_2,N,207_2,gi|371502114|ref|NM_000546.5|,415.0,317.43,MMMMMMMMMMMMMMMMMMXMMMMMMMMMMMMMMMMMM,104.479318779
68,"['GCCCTCAACAAGATGTTTTGCCAACTGGCCAAGA', 'GCCCTCAACAAGATGTTT-GCCAACTGGCCAAGA', 61.0, 0, 34]",13.0,,D,585.0,micado,18M1D15M,603.0,False,1102569472.0,1.0,3,micado,0.003,T,N_207_2,N,207_2,gi|371502114|ref|NM_000546.5|,603.0,317.43,MMMMMMMMMMMMMMMMMMDMMMMMMMMMMMMMMM,3.40159279589
69,"['CGGTTTCCGTCTGGGCTTCTTGCATTCTGGGACAGCCAAGTCTGTGACTTGCACGTACTCCCCTGCCCTCAAC', 'CGGTTTCCGTCTGGGCTT--------------------------------------ACTCCCCTGCCCTCAAC', -9.0, 0, 73]",13.0,,D,521.0,micado,18M38D17M,576.0,False,1065013248.0,38.0,3,micado,0.0,CTTGCATTCTGGGACAGCCAAGTCTGTGACTTGCACGT,N_215_1,N,215_1,gi|371502114|ref|NM_000546.5|,539.0,392.55,MMMMMMMMMMMMMMMMMMDDDDDDDDDDDDDDDDDDDDDDDDDDDDDDDDDDDDDDMMMMMMMMMMMMMMMMM,167.529011184
70,"['GGCCCCTGTCATCTTCTGTCCCTTCCCAGAAAACCTACCAGGGCAGCTACGGTTTCCGTCTGGGCTTCTTGCATTCTGGGACAGCCAAGTCTGTGACTTGCACGTACTCCCCTGCCCTCAACAAGATGTTTTGCCAACTGGCCAAGACCTGCCCTGTGCAGCTGTG', 'GGCCCCTGTCATCTTCTG-------------------------------------------------------------------------------------------------------------------------------------CCCTGTGCAGCTGTG', -203.0, 0, 166]",14.0,,D,472.0,micado,18M133D15M,622.0,False,1065013248.0,133.0,3,micado,0.0,TCCCTTCCCAGAAAACCTACCAGGGCAGCTACGGTTTCCGTCTGGGCTTCTTGCATTCTGGGACAGCCAAGTCTGTGACTTGCACGTACTCCCCTGCCCTCAACAAGATGTTTTGCCAACTGGCCAAGACCTG,N_215_1,N,215_1,gi|371502114|ref|NM_000546.5|,490.0,392.55,MMMMMMMMMMMMMMMMMMDDDDDDDDDDDDDDDDDDDDDDDDDDDDDDDDDDDDDDDDDDDDDDDDDDDDDDDDDDDDDDDDDDDDDDDDDDDDDDDDDDDDDDDDDDDDDDDDDDDDDDDDDDDDDDDDDDDDDDDDDDDDDDDDDDDDDMMMMMMMMMMMMMMM,107.876731675
71,"['CTTCTGTCCCTTCCCAGAAAACCTACCAGGGCAGCTACGGTTTCCGTCTGGGCTTCTTGCATTCTGGGACAGCCAAGTCTGTGACTTGCACGTACTCCCCTGCCCTCAACAAGATGTTTTGCCAACTGGCCAAGACCTGCCCTGTGCAGCTGTGGGTTGATTCCACACCCCCGCCCGGCACCCGCGTCCGCGCCATGGCCATCTACAAGCAGTCACAGCACATGACGGAGGTTGTGAGGCGCTGCCCCCACCATGAGCGCTGCTCAGATAGCGATGGTCTGG', 'CTTCTGTCCCTTCCCAGA----------------------------------------------------------------------------------------------------------------------------------------------------------------------------------------------------------------------------------------------------------TAGCGATGGTCTGG', -439.0, 0, 282]",32.0,,D,484.0,micado,18M250D14M,751.0,False,1065013248.0,250.0,3,micado,0.0,AAACCTACCAGGGCAGCTACGGTTTCCGTCTGGGCTTCTTGCATTCTGGGACAGCCAAGTCTGTGACTTGCACGTACTCCCCTGCCCTCAACAAGATGTTTTGCCAACTGGCCAAGACCTGCCCTGTGCAGCTGTGGGTTGATTCCACACCCCCGCCCGGCACCCGCGTCCGCGCCATGGCCATCTACAAGCAGTCACAGCACATGACGGAGGTTGTGAGGCGCTGCCCCCACCATGAGCGCTGCTCAGA,N_215_1,N,215_1,gi|371502114|ref|NM_000546.5|,502.0,392.55,MMMMMMMMMMMMMMMMMMDDDDDDDDDDDDDDDDDDDDDDDDDDDDDDDDDDDDDDDDDDDDDDDDDDDDDDDDDDDDDDDDDDDDDDDDDDDDDDDDDDDDDDDDDDDDDDDDDDDDDDDDDDDDDDDDDDDDDDDDDDDDDDDDDDDDDDDDDDDDDDDDDDDDDDDDDDDDDDDDDDDDDDDDDDDDDDDDDDDDDDDDDDDDDDDDDDDDDDDDDDDDDDDDDDDDDDDDDDDDDDDDDDDDDDDDDDDDDDDDDDDDDDDDDDMMMMMMMMMMMMMM,50.6619340018
72,"['CCCAGAAAACCTACCAGGGCAGCTACGGTTTCCGT', 'CCCAGAAAACCTACCAGG-CAGCTACGGTTTCCGT', 63.0, 0, 35]",3.0,,D,496.0,micado,18M1D16M,514.0,False,1102565376.0,1.0,5,micado,0.001,G,N_215_2,N,215_2,gi|371502114|ref|NM_000546.5|,514.0,173.42,MMMMMMMMMMMMMMMMMMDMMMMMMMMMMMMMMMM,3.73086112479
73,"['ATAGCGATGGTCTGGCCCCTCCTCAGCATCTTAT', 'ATAGCGATGGTCTGGCCC-TCCTCAGCATCTTAT', 61.0, 0, 34]",11.0,,D,751.0,micado,18M1D15M,769.0,False,1102565376.0,1.0,5,micado,0.001,C,N_215_2,N,215_2,gi|371502114|ref|NM_000546.5|,769.0,173.42,MMMMMMMMMMMMMMMMMMDMMMMMMMMMMMMMMM,3.3916678985
74,"['AACTGGCCAAGACCTGCCCTGTGCAGCTGTGGGTT', 'AACTGGCCAAGACCTGCC-TGTGCAGCTGTGGGTT', 63.0, 0, 35]",3.0,,D,607.0,micado,18M1D16M,625.0,False,1102565376.0,1.0,5,micado,0.007,C,N_215_2,N,215_2,gi|371502114|ref|NM_000546.5|,625.0,173.42,MMMMMMMMMMMMMMMMMMDMMMMMMMMMMMMMMMM,2.7632636407
75,"['TGCACGTACTCCCCTGCCCTCAACAAGATGTTTTG', 'TGCACGTACTCCCCTGCC-TCAACAAGATGTTTTG', 63.0, 0, 35]",4.0,,D,570.0,micado,18M1D16M,588.0,False,1102565376.0,1.0,5,micado,0.0,C,N_215_2,N,215_2,gi|371502114|ref|NM_000546.5|,588.0,173.42,MMMMMMMMMMMMMMMMMMDMMMMMMMMMMMMMMMM,4.89647151144
76,"['GCCCCTGCACCAGCCCCC-TCCTGGCCCCTGTCATCTTCTGTCC', 'GCCCCTGCACCAGCCCCCCTCCTGGCCC-TGTCATCTTCTGTCC', 74.0, 0, 44]",2.0,C,I,450.0,micado,18M1I9M1D15M,469.0,True,1102565376.0,2.0,5,micado,0.0,T,N_215_2,N,215_2,gi|371502114|ref|NM_000546.5|,468.0,173.42,MMMMMMMMMMMMMMMMMMIMMMMMMMMMDMMMMMMMMMMMMMMM,12.7844321773
77,,,,,,micado,,,,1102487552.0,,0,,,,N_221_1,N,221_1,,,249.42,,
78,,,,,,micado,,,,1102491648.0,,0,,,,N_221_2,N,221_2,,,256.29,,
79,"['TTGTGAGGCGCTGCCCCC-ACCATGAGCGCTG', 'TTGTGAGGCGCTGCCCCCCACCATGAGCGCTG', 57.0, 0, 32]",37.0,C,I,715.0,micado,18M1I13M,734.0,False,1102589952.0,1.0,1,micado,0.0,A,N_256_1,N,256_1,gi|371502114|ref|NM_000546.5|,733.0,285.88,MMMMMMMMMMMMMMMMMMIMMMMMMMMMMMMM,3.76914435742
80,"['TGCCAGAGGCTGCTCCCCCCGTGGCCCCTGCACCAGC', 'TGCCAGAGGCTGCTCCCCGCGTGGCCCCTGCACCAGC', 69.0, 0, 37]",355.0,G,X,397.0,micado,18M1X18M,415.0,False,896086016.0,1.0,1,micado,0.0,C,N_267_1,N,267_1,gi|371502114|ref|NM_000546.5|,415.0,271.61,MMMMMMMMMMMMMMMMMMXMMMMMMMMMMMMMMMMMM,10.280989819
81,"['TGCCAGAGGCTGCTCCCCCCGTGGCCCCTGCACCAGC', 'TGCCAGAGGCTGCTCCCCGCGTGGCCCCTGCACCAGC', 69.0, 0, 37]",178.0,G,X,397.0,micado,18M1X18M,415.0,False,1102581760.0,1.0,2,micado,0.0,C,N_269_1,N,269_1,gi|371502114|ref|NM_000546.5|,415.0,315.48,MMMMMMMMMMMMMMMMMMXMMMMMMMMMMMMMMMMMM,10.4404070429
82,"['GCTACGGTTTCCGTCTGGGCTTCTTGCATTCTGGGACAGCCAAGTCTGTGA', 'GCTACGGTTTCCGTCTGG-CTTCTTGCATTCTGG-ACAGCCAAGTCTGTGA', 88.0, 0, 51]",3.0,,D,517.0,micado,18M1D15M1D16M,535.0,True,1102581760.0,2.0,2,micado,0.001,G,N_269_1,N,269_1,gi|371502114|ref|NM_000546.5|,535.0,315.48,MMMMMMMMMMMMMMMMMMDMMMMMMMMMMMMMMMDMMMMMMMMMMMMMMMM,3.68301292004
83,"['TGCCAGAGGCTGCTCCCCCCGTGGCCCCTGCACCAGC', 'TGCCAGAGGCTGCTCCCCGCGTGGCCCCTGCACCAGC', 69.0, 0, 37]",111.0,G,X,397.0,micado,18M1X18M,415.0,False,1102569472.0,1.0,2,micado,0.0,C,N_269_2,N,269_2,gi|371502114|ref|NM_000546.5|,415.0,259.13,MMMMMMMMMMMMMMMMMMXMMMMMMMMMMMMMMMMMM,10.1883725707
84,"['GCTACGGTTTCCGTCTGGGCTTCTTGCATTCTGGG', 'GCTACGGTTTCCGTCTGG-CTTCTTGCATTCTGGG', 63.0, 0, 35]",8.0,,D,517.0,micado,18M1D16M,535.0,False,1102569472.0,1.0,2,micado,0.0,G,N_269_2,N,269_2,gi|371502114|ref|NM_000546.5|,535.0,259.13,MMMMMMMMMMMMMMMMMMDMMMMMMMMMMMMMMMM,4.32472325121
85,"['TGCCAGAGGCTGCTCCCCCCGTGGCCCCTGCACCAGCAGCTCC', 'TGCCAGAGGCTGCTCCCCCCGTGGCCC-TGCACCAGCAGCTCC', 79.0, 0, 43]",13.0,,D,397.0,micado,27M1D15M,424.0,False,1065578496.0,1.0,4,micado,0.0,C,N_272_1,N,272_1,gi|371502114|ref|NM_000546.5|,424.0,379.19,MMMMMMMMMMMMMMMMMMMMMMMMMMMDMMMMMMMMMMMMMMM,3.35688804679
86,"['CCAGGTCCAGATGAAGCTCCCAGAATGCCAGAGGCTGCTCCCCCCGTGGCCCCTGCACCAGCAGCTCCTACACCGGCGGCCCCTGCACCAGCCCCCTCCTGGCCCCTGTCATCTTCTGTCCCTTCCCAGAAAACCTACCAGGGCAGCTACGGTTTCCGTCTG', 'CCAGGTCCAGATGAAGCT----------------------------------------------------------------------------------------------------------------------------------ACGGTTTCCGTCTG', -199.0, 0, 162]",9.0,,D,372.0,micado,18M130D14M,519.0,False,1065578496.0,130.0,4,micado,0.0,CCCAGAATGCCAGAGGCTGCTCCCCCCGTGGCCCCTGCACCAGCAGCTCCTACACCGGCGGCCCCTGCACCAGCCCCCTCCTGGCCCCTGTCATCTTCTGTCCCTTCCCAGAAAACCTACCAGGGCAGCT,N_272_1,N,272_1,gi|371502114|ref|NM_000546.5|,390.0,379.19,MMMMMMMMMMMMMMMMMMDDDDDDDDDDDDDDDDDDDDDDDDDDDDDDDDDDDDDDDDDDDDDDDDDDDDDDDDDDDDDDDDDDDDDDDDDDDDDDDDDDDDDDDDDDDDDDDDDDDDDDDDDDDDDDDDDDDDDDDDDDDDDDDDDDMMMMMMMMMMMMMM,10.3376799791
87,"['ATGCCAGAGGCTGCTCCCCCCGTGGCCCCTGCACCAGCAGCTCCTACACCGGCGGCCCCTGCACCAGCCCCCTCCTGGCCCCTGTCATCTTCTGTCCCTTCCCAGAAAACCT', 'ATGCCAGAGGCTGCTCCC--------------------------------------------------------------------------------TTCCCAGAAAACCT', -99.0, 0, 112]",10.0,,D,396.0,micado,18M80D14M,493.0,False,1065578496.0,80.0,4,micado,0.0,CCCGTGGCCCCTGCACCAGCAGCTCCTACACCGGCGGCCCCTGCACCAGCCCCCTCCTGGCCCCTGTCATCTTCTGTCCC,N_272_1,N,272_1,gi|371502114|ref|NM_000546.5|,414.0,379.19,MMMMMMMMMMMMMMMMMMDDDDDDDDDDDDDDDDDDDDDDDDDDDDDDDDDDDDDDDDDDDDDDDDDDDDDDDDDDDDDDDDDDDDDDDDDDDDDDDDMMMMMMMMMMMMMM,65.7178180972
88,"['GCTCCTACACCGGCGGCCCCTGCACCAGCCCCCTCCTGGCCCCTGTCATCTTCTGTCCCTTCCCAGAAAACCTACCAGGGCAGCTACGGTTTCCGTCTGGGCTTCTTGCATTCTGGGACAGCCAAGTCTGTGACTTGCACGTACTCCCCTGCCCTCAACAAGATGTTTTGCCAACTGGCCAAGACCTGCCCTGTGCAGCTGTGGGTTGATTCCACACCCCCGCCCGGCACCCGCGTCCGCGCCATGGCCATCTACAAGCAGTC', 'GCTCCTACACCGGCGGCC---------------------------------------------------------------------------------------------------------------------------------------------------------------------------------------------------------------------------------------ATCTACAAGCAGTC', -401.0, 0, 263]",16.0,,D,435.0,micado,18M231D14M,683.0,False,1065578496.0,231.0,4,micado,0.0,CCTGCACCAGCCCCCTCCTGGCCCCTGTCATCTTCTGTCCCTTCCCAGAAAACCTACCAGGGCAGCTACGGTTTCCGTCTGGGCTTCTTGCATTCTGGGACAGCCAAGTCTGTGACTTGCACGTACTCCCCTGCCCTCAACAAGATGTTTTGCCAACTGGCCAAGACCTGCCCTGTGCAGCTGTGGGTTGATTCCACACCCCCGCCCGGCACCCGCGTCCGCGCCATGGCC,N_272_1,N,272_1,gi|371502114|ref|NM_000546.5|,453.0,379.19,MMMMMMMMMMMMMMMMMMDDDDDDDDDDDDDDDDDDDDDDDDDDDDDDDDDDDDDDDDDDDDDDDDDDDDDDDDDDDDDDDDDDDDDDDDDDDDDDDDDDDDDDDDDDDDDDDDDDDDDDDDDDDDDDDDDDDDDDDDDDDDDDDDDDDDDDDDDDDDDDDDDDDDDDDDDDDDDDDDDDDDDDDDDDDDDDDDDDDDDDDDDDDDDDDDDDDDDDDDDDDDDDDDDDDDDDDDDDDDDDDDDDDDDDDMMMMMMMMMMMMMM,102.247009294
89,"['GACTTGCACGTACTCCCC-TGCCCTCAACAAGA', 'GACTTGCACGTACTCCCCCTGCCCTCAACAAGA', 59.0, 0, 33]",6.0,C,I,566.0,micado,18M1I14M,585.0,False,1065410560.0,1.0,3,micado,0.007,T,N_272_2,N,272_2,gi|371502114|ref|NM_000546.5|,584.0,342.53,MMMMMMMMMMMMMMMMMMIMMMMMMMMMMMMMM,2.7730413279
90,"['CCCAGGTCCAGATGAAGCTCCCAGAATGCCAGAGGCTGCTCCCCCCGTGGCCCCTGCACCAGCAGCTCCTACACCGGCGGCCCCTGCACCAGCCCCCTCCTGGCCCCTGTCATCTTCTGT', 'CCCAGGTCCAGATGAAGC--------------------------------------------------------------------------------------CCCTGTCATCTTCTGT', -107.0, 0, 120]",7.0,,D,371.0,micado,18M86D16M,474.0,False,1065410560.0,86.0,3,micado,0.0,TCCCAGAATGCCAGAGGCTGCTCCCCCCGTGGCCCCTGCACCAGCAGCTCCTACACCGGCGGCCCCTGCACCAGCCCCCTCCTGGC,N_272_2,N,272_2,gi|371502114|ref|NM_000546.5|,389.0,342.53,MMMMMMMMMMMMMMMMMMDDDDDDDDDDDDDDDDDDDDDDDDDDDDDDDDDDDDDDDDDDDDDDDDDDDDDDDDDDDDDDDDDDDDDDDDDDDDDDDDDDDDDDMMMMMMMMMMMMMMMM,12.1349745405
91,"['TTCACTGAAGACCCAGGTCCAGATGAAGCTCCCAGAATGCCAGAGGCTGCTCCCCCCGTGGCCCCTGCACCAGCAGCTCCTACACCGGCGGCCCCTGCACCAGCCCCCTCCTGGCCCCTGTCATCTTCTGTCCCTTCCCAGAAAACCTACCAGGGCAGCTACGGTTTCCGTCTGGGCTTCTTGCATTCTGGGACAGCCAAGTCTGTGACTTGCACGTACTCCCCTGCCCTCAA', 'TTCACTGAAGACCCAG--------------------------------------------------------------------------------------------------------------------------------------------------------------------------------------------------------TACTCCCCTGCCCTCAA', -337.0, 0, 233]",10.0,,D,360.0,micado,16M200D17M,575.0,False,1065410560.0,200.0,3,micado,0.0,GTCCAGATGAAGCTCCCAGAATGCCAGAGGCTGCTCCCCCCGTGGCCCCTGCACCAGCAGCTCCTACACCGGCGGCCCCTGCACCAGCCCCCTCCTGGCCCCTGTCATCTTCTGTCCCTTCCCAGAAAACCTACCAGGGCAGCTACGGTTTCCGTCTGGGCTTCTTGCATTCTGGGACAGCCAAGTCTGTGACTTGCACG,N_272_2,N,272_2,gi|371502114|ref|NM_000546.5|,376.0,342.53,MMMMMMMMMMMMMMMMDDDDDDDDDDDDDDDDDDDDDDDDDDDDDDDDDDDDDDDDDDDDDDDDDDDDDDDDDDDDDDDDDDDDDDDDDDDDDDDDDDDDDDDDDDDDDDDDDDDDDDDDDDDDDDDDDDDDDDDDDDDDDDDDDDDDDDDDDDDDDDDDDDDDDDDDDDDDDDDDDDDDDDDDDDDDDDDDDDDDDDDDDDDDDDDDDDDDDDDDMMMMMMMMMMMMMMMMM,5.57807255449
92,"['GGGCTTCTTGCATTCTGGGACAGCCAAGTCTGTGACTTGCACGTACTCCCCTGCCCTCAACAAGATGTTTTGCCAACTGGCCAAGACCTGCCCTGTGCAGCTGTGGGTTGATTCCACACCCCCGCCCGGCACCCGCGTCCGCGCCATGGCCATCTACAAGCAGTCACAGCACATGACGGAGG', 'GGGCTTCTTGCATTCTGG--------------------------------------------------------------------------------------------------------------------------------------------------CACAGCACATGACGGAGG', -223.0, 0, 182]",13.0,,D,533.0,micado,18M146D18M,696.0,False,1035931648.0,146.0,3,micado,0.0,GACAGCCAAGTCTGTGACTTGCACGTACTCCCCTGCCCTCAACAAGATGTTTTGCCAACTGGCCAAGACCTGCCCTGTGCAGCTGTGGGTTGATTCCACACCCCCGCCCGGCACCCGCGTCCGCGCCATGGCCATCTACAAGCAGT,N_276_1,N,276_1,gi|371502114|ref|NM_000546.5|,551.0,372.3,MMMMMMMMMMMMMMMMMMDDDDDDDDDDDDDDDDDDDDDDDDDDDDDDDDDDDDDDDDDDDDDDDDDDDDDDDDDDDDDDDDDDDDDDDDDDDDDDDDDDDDDDDDDDDDDDDDDDDDDDDDDDDDDDDDDDDDDDDDDDDDDDDDDDDDDDDDDDDDDDDDDDMMMMMMMMMMMMMMMMMM,80.0333027211
93,"['TGCCAGAGGCTGCTCCCCCCGTGGCCCCTGCACCAGCAGCTCC', 'TGCCAGAGGCTGCTCCCCCCGTGGCCC-TGCACCAGCAGCTCC', 79.0, 0, 43]",11.0,,D,397.0,micado,27M1D15M,424.0,False,1035931648.0,1.0,3,micado,0.0,C,N_276_1,N,276_1,gi|371502114|ref|NM_000546.5|,424.0,372.3,MMMMMMMMMMMMMMMMMMMMMMMMMMMDMMMMMMMMMMMMMMM,4.51024276933
94,"['CCCAGGTCCAGATGAAGCTCCCAGAATGCCAGAGGCTGCTCCCCCCGTGGCCCCTGCACCAGCAGCTCCTACACCGGCGGCCCCTGCACCAGCCCCCTCCTGGCCCCTGTCATCTTCTGT', 'CCCAGGTCCAGATGAAGC--------------------------------------------------------------------------------------CCCTGTCATCTTCTGT', -107.0, 0, 120]",14.0,,D,371.0,micado,18M86D16M,474.0,False,1035931648.0,86.0,3,micado,0.0,TCCCAGAATGCCAGAGGCTGCTCCCCCCGTGGCCCCTGCACCAGCAGCTCCTACACCGGCGGCCCCTGCACCAGCCCCCTCCTGGC,N_276_1,N,276_1,gi|371502114|ref|NM_000546.5|,389.0,372.3,MMMMMMMMMMMMMMMMMMDDDDDDDDDDDDDDDDDDDDDDDDDDDDDDDDDDDDDDDDDDDDDDDDDDDDDDDDDDDDDDDDDDDDDDDDDDDDDDDDDDDDDDMMMMMMMMMMMMMMMM,24.6214225547
95,,,,,,micado,,,,1102663680.0,,0,,,,N_279_1,N,279_1,,,271.14,,
96,,,,,,micado,,,,1102598144.0,,0,,,,N_279_2,N,279_2,,,249.69,,
97,,,,,,micado,,,,1102553088.0,,0,,,,N_284_1,N,284_1,,,263.04,,
98,"['TGCCAGAGGCTGCTCCCCCCGTGGCCCCTGCACCAGCAGCTCC', 'TGCCAGAGGCTGCTCCCCCCGTGGCCC-TGCACCAGCAGCTCC', 79.0, 0, 43]",11.0,,D,397.0,micado,27M1D15M,424.0,False,1102598144.0,1.0,2,micado,0.004,C,N_285_1,N,285_1,gi|371502114|ref|NM_000546.5|,424.0,298.5,MMMMMMMMMMMMMMMMMMMMMMMMMMMDMMMMMMMMMMMMMMM,2.96730109155
99,"['CCAGAAAACCTACCAGGG-CAGCTACGGTTTCCG', 'CCAGAAAACCTACCAGGGGCAGCTACGGTTTCCG', 61.0, 0, 34]",6.0,G,I,497.0,micado,18M1I15M,516.0,False,1102598144.0,1.0,2,micado,0.003,C,N_285_1,N,285_1,gi|371502114|ref|NM_000546.5|,515.0,298.5,MMMMMMMMMMMMMMMMMMIMMMMMMMMMMMMMMM,3.2893149659
100,,,,,,micado,,,,1102508032.0,,0,,,,N_288_1,N,288_1,,,259.17,,
101,"['TGCCAGAGGCTGCTCCCCCCGTGGCCCCTGCACCAGCAGCTCC', 'TGCCAGAGGCTGCTCCCCCCGTGGCCC-TGCACCAGCAGCTCC', 79.0, 0, 43]",13.0,,D,397.0,micado,27M1D15M,424.0,False,1102516224.0,1.0,2,micado,0.0,C,N_290_1,N,290_1,gi|371502114|ref|NM_000546.5|,424.0,229.22,MMMMMMMMMMMMMMMMMMMMMMMMMMMDMMMMMMMMMMMMMMM,8.73921950849
102,"['TGGCCATCTACAAGCAGT-----CACAGCACATGAC', 'TGGCCATCTACAAGCAGTGCAGTCACAGCACATGAC', 49.0, 0, 36]",13.0,GCAGT,I,679.0,micado,18M5I13M,698.0,False,1102516224.0,5.0,2,micado,0.0,CACAG,N_290_1,N,290_1,gi|371502114|ref|NM_000546.5|,697.0,229.22,MMMMMMMMMMMMMMMMMMIIIIIMMMMMMMMMMMMM,233.141425305
103,"['TGCCAGAGGCTGCTCCCCCCGTGGCCCCTGCACCAGCAGCTCC', 'TGCCAGAGGCTGCTCCCCCCGTGGCCC-TGCACCAGCAGCTCC', 79.0, 0, 43]",12.0,,D,397.0,micado,27M1D15M,424.0,False,1102540800.0,1.0,2,micado,0.0,C,N_290_2,N,290_2,gi|371502114|ref|NM_000546.5|,424.0,298.96,MMMMMMMMMMMMMMMMMMMMMMMMMMMDMMMMMMMMMMMMMMM,4.60999739664
104,"['TGGCCATCTACAAGCAGT-----CACAGCACATGAC', 'TGGCCATCTACAAGCAGTGCAGTCACAGCACATGAC', 49.0, 0, 36]",35.0,GCAGT,I,679.0,micado,18M5I13M,698.0,False,1102540800.0,5.0,2,micado,0.0,CACAG,N_290_2,N,290_2,gi|371502114|ref|NM_000546.5|,697.0,298.96,MMMMMMMMMMMMMMMMMMIIIIIMMMMMMMMMMMMM,339.775368843
105,"['TGCCAGAGGCTGCTCCCCCCGTGGCCCCTGCACCAGC', 'TGCCAGAGGCTGCTCCCCGCGTGGCCCCTGCACCAGC', 69.0, 0, 37]",209.0,G,X,397.0,micado,18M1X18M,415.0,False,1102557184.0,1.0,1,micado,0.0,C,N_306_1,N,306_1,gi|371502114|ref|NM_000546.5|,415.0,255.08,MMMMMMMMMMMMMMMMMMXMMMMMMMMMMMMMMMMMM,5.51056243099
106,"['TCTGTCCCTTCCCAGAAAACCTACCAGGGCAGCT', 'TCTGTCCCTTCCCAGAAA-CCTACCAGGGCAGCT', 61.0, 0, 34]",12.0,,D,486.0,micado,18M1D15M,504.0,False,1102540800.0,1.0,2,micado,0.005,A,N_312_1,N,312_1,gi|371502114|ref|NM_000546.5|,504.0,273.59,MMMMMMMMMMMMMMMMMMDMMMMMMMMMMMMMMM,2.37297394447
107,"['TGCCAGAGGCTGCTCCCCCCGTGGCCCCTGCACCAGCAGCTCC', 'TGCCAGAGGCTGCTCCCCCCGTGGCCC-TGCACCAGCAGCTCC', 79.0, 0, 43]",16.0,,D,397.0,micado,27M1D15M,424.0,False,1102540800.0,1.0,2,micado,0.0,C,N_312_1,N,312_1,gi|371502114|ref|NM_000546.5|,424.0,273.59,MMMMMMMMMMMMMMMMMMMMMMMMMMMDMMMMMMMMMMMMMMM,5.91394573478
108,"['TGCCCTCAACAAGATGTTTTGCCAACTGGCCAAGACC', 'TGCCCTCAACAAGATGTTATGCCAACTGGCCAAGACC', 69.0, 0, 37]",242.0,A,X,584.0,micado,18M1X18M,602.0,False,1102540800.0,1.0,4,micado,0.0,T,N_316_1,N,316_1,gi|371502114|ref|NM_000546.5|,602.0,288.16,MMMMMMMMMMMMMMMMMMXMMMMMMMMMMMMMMMMMM,954.144340748
109,"['TGCCAGAGGCTGCTCCCCCCGTGGCCCCTGCACCAGCAGCTCC', 'TGCCAGAGGCTGCTCCCCGCGTGGCCCCTGCACCAGCAGCTCC', 81.0, 0, 43]",27.0,G,X,397.0,micado,18M1X24M,415.0,False,1102540800.0,1.0,4,micado,0.0,C,N_316_1,N,316_1,gi|371502114|ref|NM_000546.5|,415.0,288.16,MMMMMMMMMMMMMMMMMMXMMMMMMMMMMMMMMMMMMMMMMMM,10.4487973602
110,"['TGCCAGAGGCTGCTCCCCCCGTGGCCCCTGCACCAGCAGCTCC', 'TGCCAGAGGCTGCTCCCCCCGTGGCCC-TGCACCAGCAGCTCC', 79.0, 0, 43]",27.0,,D,397.0,micado,27M1D15M,424.0,False,1102540800.0,1.0,4,micado,0.0,C,N_316_1,N,316_1,gi|371502114|ref|NM_000546.5|,424.0,288.16,MMMMMMMMMMMMMMMMMMMMMMMMMMMDMMMMMMMMMMMMMMM,29.2254959948
111,"['TTGTGAGGCGCTGCCCCC-ACCATGAGCGCTG', 'TTGTGAGGCGCTGCCCCCCACCATGAGCGCTG', 57.0, 0, 32]",36.0,C,I,715.0,micado,18M1I13M,734.0,False,1102540800.0,1.0,4,micado,0.0,A,N_316_1,N,316_1,gi|371502114|ref|NM_000546.5|,733.0,288.16,MMMMMMMMMMMMMMMMMMIMMMMMMMMMMMMM,3.78090835148
112,"['TGCCCTCAACAAGATGTTTTGCCAACTGGCCAAGACC', 'TGCCCTCAACAAGATGTTATGCCAACTGGCCAAGACC', 69.0, 0, 37]",330.0,A,X,584.0,micado,18M1X18M,602.0,False,1102573568.0,1.0,2,micado,0.0,T,N_316_2,N,316_2,gi|371502114|ref|NM_000546.5|,602.0,297.42,MMMMMMMMMMMMMMMMMMXMMMMMMMMMMMMMMMMMM,963.379713765
113,"['TGCCAGAGGCTGCTCCCCCCGTGGCCCCTGCACCAGC', 'TGCCAGAGGCTGCTCCCCGCGTGGCCCCTGCACCAGC', 69.0, 0, 37]",277.0,G,X,397.0,micado,18M1X18M,415.0,False,1102573568.0,1.0,2,micado,0.0,C,N_316_2,N,316_2,gi|371502114|ref|NM_000546.5|,415.0,297.42,MMMMMMMMMMMMMMMMMMXMMMMMMMMMMMMMMMMMM,10.0790053555
114,"['TGCCAGAGGCTGCTCCCCCCGTGGCCCCTGCACCAGC', 'TGCCAGAGGCTGCTCCCCGCGTGGCCCCTGCACCAGC', 69.0, 0, 37]",259.0,G,X,397.0,micado,18M1X18M,415.0,False,1102524416.0,1.0,1,micado,0.0,C,N_318_1,N,318_1,gi|371502114|ref|NM_000546.5|,415.0,292.57,MMMMMMMMMMMMMMMMMMXMMMMMMMMMMMMMMMMMM,10.0662751531
115,"['TCTGTCCCTTCCCAGAAAACCTACCAGGGCAGCT', 'TCTGTCCCTTCCCAGAAA-CCTACCAGGGCAGCT', 61.0, 0, 34]",14.0,,D,486.0,micado,18M1D15M,504.0,False,1102532608.0,1.0,3,micado,0.0,A,N_318_2,N,318_2,gi|371502114|ref|NM_000546.5|,504.0,272.5,MMMMMMMMMMMMMMMMMMDMMMMMMMMMMMMMMM,5.37966105818
116,"['TGCCAGAGGCTGCTCCCCCCGTGGCCCCTGCACCAGC', 'TGCCAGAGGCTGCTCCCCGCGTGGCCCCTGCACCAGC', 69.0, 0, 37]",176.0,G,X,397.0,micado,18M1X18M,415.0,False,1102532608.0,1.0,3,micado,0.0,C,N_318_2,N,318_2,gi|371502114|ref|NM_000546.5|,415.0,272.5,MMMMMMMMMMMMMMMMMMXMMMMMMMMMMMMMMMMMM,10.344645273
117,"['AGGTCCAGATGAAGCTCCCAGAATGCCAGAGGCTG', 'AGGTCCAGATGAAGCTCC-AGAATGCCAGAGGCTG', 63.0, 0, 35]",13.0,,D,374.0,micado,18M1D16M,392.0,False,1102532608.0,1.0,3,micado,0.003,C,N_318_2,N,318_2,gi|371502114|ref|NM_000546.5|,392.0,272.5,MMMMMMMMMMMMMMMMMMDMMMMMMMMMMMMMMMM,3.26783548863
118,"['TCTGTCCCTTCCCAGAAAACCTACCAGGGCAGCT', 'TCTGTCCCTTCCCAGAAA-CCTACCAGGGCAGCT', 61.0, 0, 34]",11.0,,D,486.0,micado,18M1D15M,504.0,False,1102585856.0,1.0,2,micado,0.008,A,N_319_1,N,319_1,gi|371502114|ref|NM_000546.5|,504.0,293.15,MMMMMMMMMMMMMMMMMMDMMMMMMMMMMMMMMM,2.69806486329
119,"['TGCCAGAGGCTGCTCCCCCCGTGGCCCCTGCACCAGC', 'TGCCAGAGGCTGCTCCCCGCGTGGCCCCTGCACCAGC', 69.0, 0, 37]",195.0,G,X,397.0,micado,18M1X18M,415.0,False,1102585856.0,1.0,2,micado,0.0,C,N_319_1,N,319_1,gi|371502114|ref|NM_000546.5|,415.0,293.15,MMMMMMMMMMMMMMMMMMXMMMMMMMMMMMMMMMMMM,10.7582396047
120,"['CAGGGCAGCTACGGTTTCCGTCTGGGCTTCTTGCATTCTGGGACA', 'CAGGGCAGCTACGGTTTC------------TTGCATTCTGGGACA', 39.0, 0, 45]",147.0,,D,510.0,micado,18M12D15M,539.0,False,1102565376.0,12.0,2,micado,0.0,CGTCTGGGCTTC,N_320_1,N,320_1,gi|371502114|ref|NM_000546.5|,528.0,301.57,MMMMMMMMMMMMMMMMMMDDDDDDDDDDDDMMMMMMMMMMMMMMM,920.845166948
121,"['GCCCTCAACAAGATGTTTTGCCAACTGGCCAAGA', 'GCCCTCAACAAGATGTTT-GCCAACTGGCCAAGA', 61.0, 0, 34]",9.0,,D,585.0,micado,18M1D15M,603.0,False,1102565376.0,1.0,2,micado,0.0,T,N_320_1,N,320_1,gi|371502114|ref|NM_000546.5|,603.0,301.57,MMMMMMMMMMMMMMMMMMDMMMMMMMMMMMMMMM,3.85877797014
122,"['CAGGGCAGCTACGGTTTCCGTCTGGGCTTCTTGCATTCTGGGACA', 'CAGGGCAGCTACGGTTTC------------TTGCATTCTGGGACA', 39.0, 0, 45]",173.0,,D,510.0,micado,18M12D15M,539.0,False,1102548992.0,12.0,1,micado,0.0,CGTCTGGGCTTC,N_320_2,N,320_2,gi|371502114|ref|NM_000546.5|,528.0,254.84,MMMMMMMMMMMMMMMMMMDDDDDDDDDDDDMMMMMMMMMMMMMMM,922.432814405
123,,,,,,micado,,,,1102561280.0,,0,,,,N_322_1,N,322_1,,,253.72,,
124,"['GCCATGGCCATCTACAAGCAGTCACAGCACATGACGG', 'GCCATGGCCATCTACAAGTAGTCACAGCACATGACGG', 69.0, 0, 37]",13.0,T,X,675.0,micado,18M1X18M,693.0,False,1102577664.0,1.0,3,micado,0.0,C,N_323_1,N,323_1,gi|371502114|ref|NM_000546.5|,693.0,304.06,MMMMMMMMMMMMMMMMMMXMMMMMMMMMMMMMMMMMM,41.0590068398
125,"['TGCCAGAGGCTGCTCCCCCCGTGGCCCCTGCACCAGC', 'TGCCAGAGGCTGCTCCCCGCGTGGCCCCTGCACCAGC', 69.0, 0, 37]",244.0,G,X,397.0,micado,18M1X18M,415.0,False,1102577664.0,1.0,3,micado,0.0,C,N_323_1,N,323_1,gi|371502114|ref|NM_000546.5|,415.0,304.06,MMMMMMMMMMMMMMMMMMXMMMMMMMMMMMMMMMMMM,10.2776649637
126,"['GCCCTCAACAAGATGTTTTGCCAACTGGCCAAGA', 'GCCCTCAACAAGATGTTT-GCCAACTGGCCAAGA', 61.0, 0, 34]",12.0,,D,585.0,micado,18M1D15M,603.0,False,1102577664.0,1.0,3,micado,0.009,T,N_323_1,N,323_1,gi|371502114|ref|NM_000546.5|,603.0,304.06,MMMMMMMMMMMMMMMMMMDMMMMMMMMMMMMMMM,2.76603790635
127,"['AGACCTGCCCTGTGCAGCTGTGGGTTGATTCCACACC', 'AGACCTGCCCTGTGCAGC-GTGGGTTGATTCCACACC', 67.0, 0, 37]",22.0,,D,616.0,micado,18M1D18M,634.0,False,1102553088.0,1.0,3,micado,0.0,T,N_326_1,N,326_1,gi|371502114|ref|NM_000546.5|,634.0,294.63,MMMMMMMMMMMMMMMMMMDMMMMMMMMMMMMMMMMMM,132.685326114
128,"['TGCCAGAGGCTGCTCCCCCCGTGGCCCCTGCACCAGC', 'TGCCAGAGGCTGCTCCCCGCGTGGCCCCTGCACCAGC', 69.0, 0, 37]",166.0,G,X,397.0,micado,18M1X18M,415.0,False,1102553088.0,1.0,3,micado,0.0,C,N_326_1,N,326_1,gi|371502114|ref|NM_000546.5|,415.0,294.63,MMMMMMMMMMMMMMMMMMXMMMMMMMMMMMMMMMMMM,10.4713274066
129,"['GCCCTCAACAAGATGTTTTGCCAACTGGCCAAGA', 'GCCCTCAACAAGATGTTT-GCCAACTGGCCAAGA', 61.0, 0, 34]",10.0,,D,585.0,micado,18M1D15M,603.0,False,1102553088.0,1.0,3,micado,0.0,T,N_326_1,N,326_1,gi|371502114|ref|NM_000546.5|,603.0,294.63,MMMMMMMMMMMMMMMMMMDMMMMMMMMMMMMMMM,3.99125834292
130,"['AGACCTGCCCTGTGCAGCTGTGGGTTGATTCCACACC', 'AGACCTGCCCTGTGCAGC-GTGGGTTGATTCCACACC', 67.0, 0, 37]",15.0,,D,616.0,micado,18M1D18M,634.0,False,1102548992.0,1.0,2,micado,0.0,T,N_326_2,N,326_2,gi|371502114|ref|NM_000546.5|,634.0,301.91,MMMMMMMMMMMMMMMMMMDMMMMMMMMMMMMMMMMMM,109.492686459
131,"['TGCCAGAGGCTGCTCCCCCCGTGGCCCCTGCACCAGC', 'TGCCAGAGGCTGCTCCCCGCGTGGCCCCTGCACCAGC', 69.0, 0, 37]",157.0,G,X,397.0,micado,18M1X18M,415.0,False,1102548992.0,1.0,2,micado,0.0,C,N_326_2,N,326_2,gi|371502114|ref|NM_000546.5|,415.0,301.91,MMMMMMMMMMMMMMMMMMXMMMMMMMMMMMMMMMMMM,10.4419117175
132,"['TGCCAGAGGCTGCTCCCCCCGTGGCCCCTGCACCAGC', 'TGCCAGAGGCTGCTCCCCGCGTGGCCCCTGCACCAGC', 69.0, 0, 37]",211.0,G,X,397.0,micado,18M1X18M,415.0,False,1102585856.0,1.0,2,micado,0.0,C,N_340_1,N,340_1,gi|371502114|ref|NM_000546.5|,415.0,286.3,MMMMMMMMMMMMMMMMMMXMMMMMMMMMMMMMMMMMM,10.3224598821
133,"['CCCCTCCTCAGCATCTTATCCGAGTGGAAGGAAATTT', 'CCCCTCCTCAGCATCTTAGCCGAGTGGAAGGAAATTT', 69.0, 0, 37]",157.0,G,X,766.0,micado,18M1X18M,784.0,False,1102585856.0,1.0,2,micado,0.0,T,N_340_1,N,340_1,gi|371502114|ref|NM_000546.5|,784.0,286.3,MMMMMMMMMMMMMMMMMMXMMMMMMMMMMMMMMMMMM,829.8086986
134,"['TGCCAGAGGCTGCTCCCCCCGTGGCCCCTGCACCAGC', 'TGCCAGAGGCTGCTCCCCGCGTGGCCCCTGCACCAGC', 69.0, 0, 37]",95.0,G,X,397.0,micado,18M1X18M,415.0,False,1102495744.0,1.0,2,micado,0.0,C,N_340_2,N,340_2,gi|371502114|ref|NM_000546.5|,415.0,240.26,MMMMMMMMMMMMMMMMMMXMMMMMMMMMMMMMMMMMM,10.3927022657
135,"['CCCCTCCTCAGCATCTTATCCGAGTGGAAGGAAATTT', 'CCCCTCCTCAGCATCTTAGCCGAGTGGAAGGAAATTT', 69.0, 0, 37]",77.0,G,X,766.0,micado,18M1X18M,784.0,False,1102495744.0,1.0,2,micado,0.0,T,N_340_2,N,340_2,gi|371502114|ref|NM_000546.5|,784.0,240.26,MMMMMMMMMMMMMMMMMMXMMMMMMMMMMMMMMMMMM,877.395045696
136,"['TGCCAGAGGCTGCTCCCCCCGTGGCCCCTGCACCAGC', 'TGCCAGAGGCTGCTCCCCGCGTGGCCCCTGCACCAGC', 69.0, 0, 37]",180.0,G,X,397.0,micado,18M1X18M,415.0,False,1102544896.0,1.0,1,micado,0.0,C,N_341_1,N,341_1,gi|371502114|ref|NM_000546.5|,415.0,268.26,MMMMMMMMMMMMMMMMMMXMMMMMMMMMMMMMMMMMM,10.405734294
137,"['TGCCAGAGGCTGCTCCCCCCGTGGCCCCTGCACCAGC', 'TGCCAGAGGCTGCTCCCCGCGTGGCCCCTGCACCAGC', 69.0, 0, 37]",115.0,G,X,397.0,micado,18M1X18M,415.0,False,1102774272.0,1.0,3,micado,0.0,C,N_341_2,N,341_2,gi|371502114|ref|NM_000546.5|,415.0,291.14,MMMMMMMMMMMMMMMMMMXMMMMMMMMMMMMMMMMMM,10.3759767047
138,"['ACCAGGGCAGCTACGGTTTCCGTCTGGGCTTCTTG', 'ACCAGGGCAGCTACGGTT-CCGTCTGGGCTTCTTG', 63.0, 0, 35]",6.0,,D,508.0,micado,18M1D16M,526.0,False,1102774272.0,1.0,3,micado,0.0,T,N_341_2,N,341_2,gi|371502114|ref|NM_000546.5|,526.0,291.14,MMMMMMMMMMMMMMMMMMDMMMMMMMMMMMMMMMM,6.50088984079
139,"['TTCACTGAAGACCCAGGTCCAGATGAAGCT', 'TTCACTGAAGACC-AGGTCCAGATGAAGCT', 53.0, 0, 30]",6.0,,D,360.0,micado,13M1D16M,373.0,False,1102774272.0,1.0,3,micado,0.001,C,N_341_2,N,341_2,gi|371502114|ref|NM_000546.5|,373.0,291.14,MMMMMMMMMMMMMDMMMMMMMMMMMMMMMM,3.88063585294
140,,,,,,micado,,,,1102561280.0,,0,,,,N_83_1,N,83_1,,,247.7,,
141,"['TGCCAGAGGCTGCTCCCCCCGTGGCCCCTGCACCAGCAGCTCC', 'TGCCAGAGGCTGCTCCCCCCGTGGCCC-TGCACCAGCAGCTCC', 79.0, 0, 43]",9.0,,D,397.0,micado,27M1D15M,424.0,False,1102561280.0,1.0,1,micado,0.0,C,N_83_2,N,83_2,gi|371502114|ref|NM_000546.5|,424.0,256.73,MMMMMMMMMMMMMMMMMMMMMMMMMMMDMMMMMMMMMMMMMMM,4.28338850571
