169	1	690A>G	N
169	2	690A>G	N
183	1	379_578delGTCCAGATGAAGCTCCCAGAATGCCAGAGGCTGCTCCCCCCGTGGCCCCTGCACCAGCAGCTCCTACACCGGCGGCCCCTGCACCAGCCCCCTCCTGGCCCCTGTCATCTTCTGTCCCTTCCCAGAAAACCTACCAGGGCAGCTACGGTTTCCGTCTGGGCTTCTTGCATTCTGGGACAGCCAAGTCTGTGACTTGCACG	N
183	2	379_578delGTCCAGATGAAGCTCCCAGAATGCCAGAGGCTGCTCCCCCCGTGGCCCCTGCACCAGCAGCTCCTACACCGGCGGCCCCTGCACCAGCCCCCTCCTGGCCCCTGTCATCTTCTGTCCCTTCCCAGAAAACCTACCAGGGCAGCTACGGTTTCCGTCTGGGCTTCTTGCATTCTGGGACAGCCAAGTCTGTGACTTGCACG	N
192	1	393_207delCCAGAATGCCAGAGGCT	N
192	2	393_207delCCAGAATGCCAGAGGCT	N
207	1	531G>C	N
207	2	531G>C	N
215	1	925_925delC	C
215	2	925_925delC	C
221	1	861A>G	C
221	2	861A>G	C
256	1	867C>T	C
269	1	875_876insATCTG	C
269	2	875_876insATCTG	C
272	1	874_875insAGTCT	C
272	2	874_875insAGTCT	C
276	1	736delGGC	C
276	1	571C>G	N
279	1	1025T>C	C
279	2	1025T>C	C
290	1	699_700insGCAGT	N
290	2	699_700insGCAGT	N
316	1	604T>A	N
316	2	604T>A	N
318	1	1046C>T	C
318	2	1046C>T	C
320	1	530_541delCGTCTGGGCTTC	N
320	2	530_541delCGTCTGGGCTTC	N
323	1	695C>T	N
326	1	636_636delT	N
326	2	636_636delT	N
340	1	786T>G	N
340	2	786T>G	N
341	1	1020G>A	C
341	2	1020G>A	C
83	1	1328T>G	C	C
83	2	1328T>G	C	C
158	1	/	/
193	1	/	/
267	1	/	/
284	1	/	/
285	1	/	/
288	1	/	/
306	1	/	/
311	2	/	/
312	1	/	/
319	1	/	/
322	1	/	/
